var_name,sensor_X,sensor_Y,n_clean,n_no_out,n_w_nm,n_w_nm_clean,Wavelength_nm,Slope,Slope_log,Bias,Error,RMSE,MSA,MAPE
RHOW,HYPERNETS,AQUA,29,29,28,28,412,1.67,2.11,-9.52,11.24,0.006352,0.00494,15.6
RHOW,AQUA,HYPERNETS,29,29,28,28,412,0.47,0.36,9.52,11.24,0.006352,0.00494,22.87
RHOW,HYPERNETS,AQUA,29,29,29,29,443,1.45,1.82,-15.08,15.08,0.005634,0.004606,15.89
RHOW,AQUA,HYPERNETS,29,29,29,29,443,0.49,0.39,15.08,15.08,0.005634,0.004606,21.95
RHOW,HYPERNETS,AQUA,29,29,29,29,469,1.27,1.59,-15.02,15.02,0.004579,0.003808,15.41
RHOW,AQUA,HYPERNETS,29,29,29,29,469,0.45,0.37,15.02,15.02,0.004579,0.003808,20.43
RHOW,HYPERNETS,AQUA,29,29,29,29,488,1.08,1.45,-18.68,18.68,0.004348,0.003704,17.67
RHOW,AQUA,HYPERNETS,29,29,29,29,488,0.42,0.33,18.68,18.68,0.004348,0.003704,24.16
RHOW,HYPERNETS,AQUA,29,29,29,29,531,0.35,0.81,-45.11,45.11,0.003076,0.002613,30.12
RHOW,AQUA,HYPERNETS,29,29,29,29,531,0.31,0.23,45.11,45.11,0.003076,0.002613,53.19
RHOW,HYPERNETS,AQUA,29,29,29,29,547,0.28,0.73,-43.54,43.54,0.00239,0.001971,31.39
RHOW,AQUA,HYPERNETS,29,29,29,29,547,0.34,0.24,43.54,43.54,0.00239,0.001971,58.75
RHOW,HYPERNETS,AQUA,29,29,28,13,645,-0.18,-1.49,-146.89,146.89,0.001712,0.001263,57.58
RHOW,AQUA,HYPERNETS,29,29,28,13,645,-2.41,-0.21,146.89,146.89,0.001712,0.001263,2953.94
RHOW,HYPERNETS,AQUA,29,29,28,14,667,-0.09,-0.06,-158.01,158.01,0.001458,0.00104,59.24
RHOW,AQUA,HYPERNETS,29,29,28,14,667,-1.52,-0.02,158.01,158.01,0.001458,0.00104,1875.63
RHOW,TRIOS,AQUA,27,27,25,25,412,1.6,1.89,-2.76,5.45,0.003357,0.002399,7.64
RHOW,AQUA,TRIOS,27,27,25,25,412,0.55,0.46,2.76,5.45,0.003357,0.002399,9.46
RHOW,TRIOS,AQUA,27,27,27,27,443,1.42,1.68,-5.14,5.14,0.002757,0.002067,7.08
RHOW,AQUA,TRIOS,27,27,27,27,443,0.61,0.52,5.14,5.14,0.002757,0.002067,8.38
RHOW,TRIOS,AQUA,27,27,27,27,469,1.45,1.7,-4.92,4.93,0.002303,0.001721,6.98
RHOW,AQUA,TRIOS,27,27,27,27,469,0.53,0.46,4.92,4.93,0.002303,0.001721,8.15
RHOW,TRIOS,AQUA,27,27,27,27,488,1.31,1.56,-7.49,7.49,0.002222,0.001827,8.82
RHOW,AQUA,TRIOS,27,27,27,27,488,0.46,0.4,7.49,7.49,0.002222,0.001827,10.29
RHOW,TRIOS,AQUA,27,27,27,27,531,0.29,0.42,-14.65,14.65,0.001503,0.001217,15.78
RHOW,AQUA,TRIOS,27,27,27,27,531,0.14,0.13,14.65,14.65,0.001503,0.001217,20.66
RHOW,TRIOS,AQUA,27,27,27,27,547,0.16,0.25,-4.4,15.28,9.44e-4,7.33e-4,14.28
RHOW,AQUA,TRIOS,27,27,27,27,547,0.1,0.12,4.4,15.28,9.44e-4,7.33e-4,16.91
RHOW,TRIOS,AQUA,27,27,25,14,645,-0.1,-0.6,-35.75,50.87,4.4e-4,3.46e-4,49.06
RHOW,AQUA,TRIOS,27,27,25,14,645,-0.22,-0.11,35.75,50.87,4.4e-4,3.46e-4,818.75
RHOW,TRIOS,AQUA,27,27,25,15,667,0.22,0.73,-22.47,59.72,2.78e-4,2.22e-4,83.49
RHOW,AQUA,TRIOS,27,27,25,15,667,0.42,0.31,22.47,59.72,2.78e-4,2.22e-4,109.43
RHOW,HYPERPRO,AQUA,3,3,3,3,412,1.38,1.92,-28.12,28.12,0.007229,0.006013,19.81
RHOW,AQUA,HYPERPRO,3,3,3,3,412,0.47,0.39,28.12,28.12,0.007229,0.006013,28.72
RHOW,HYPERPRO,AQUA,3,3,3,3,443,1.37,1.76,-20.51,20.51,0.005121,0.004438,16.18
RHOW,AQUA,HYPERPRO,3,3,3,3,443,0.57,0.47,20.51,20.51,0.005121,0.004438,21.12
RHOW,HYPERPRO,AQUA,3,3,3,3,469,1.62,2.02,-16.48,16.48,0.00389,0.003316,14.39
RHOW,AQUA,HYPERPRO,3,3,3,3,469,0.47,0.4,16.48,16.48,0.00389,0.003316,18.32
RHOW,HYPERPRO,AQUA,3,3,3,3,488,1.87,2.35,-16.99,16.99,0.003295,0.002869,14.82
RHOW,AQUA,HYPERPRO,3,3,3,3,488,0.37,0.31,16.99,16.99,0.003295,0.002869,18.73
RHOW,HYPERPRO,AQUA,3,3,3,3,531,-4.98,-6.69,-32.04,32.04,0.002085,0.001909,24.52
RHOW,AQUA,HYPERPRO,3,3,3,3,531,-0.2,-0.15,32.04,32.04,0.002085,0.001909,35.08
RHOW,HYPERPRO,AQUA,3,3,3,3,547,-4.27,-5.36,-21.6,21.6,0.001181,9.51e-4,18.04
RHOW,AQUA,HYPERPRO,3,3,3,3,547,-0.22,-0.18,21.6,21.6,0.001181,9.51e-4,25.22
RHOW,HYPERPRO,AQUA,3,3,3,1,645,NA,NA,NA,NA,NA,NA,NA
RHOW,AQUA,HYPERPRO,3,3,3,1,645,NA,NA,NA,NA,NA,NA,NA
RHOW,HYPERPRO,AQUA,3,3,3,2,667,-1.45,-4.33,-292.6,433.52,4.05e-4,3.37e-4,65.56
RHOW,AQUA,HYPERPRO,3,3,3,2,667,-0.69,-0.23,292.6,433.52,4.05e-4,3.37e-4,1010.51
RHOW,HYPERNETS,S3A,5,5,5,5,400,1.22,1.28,8.53,8.53,0.005467,0.004548,15.22
RHOW,S3A,HYPERNETS,5,5,5,5,400,0.48,0.51,-8.53,8.53,0.005467,0.004548,12.7
RHOW,HYPERNETS,S3A,5,5,5,5,412,1.19,1.27,4.38,8.05,0.004305,0.003376,11.43
RHOW,S3A,HYPERNETS,5,5,5,5,412,0.53,0.55,-4.38,8.05,0.004305,0.003376,9.91
RHOW,HYPERNETS,S3A,5,5,5,5,442,1.15,1.18,2.06,2.95,0.003071,0.002179,8.12
RHOW,S3A,HYPERNETS,5,5,5,5,442,0.55,0.59,-2.06,2.95,0.003071,0.002179,7.06
RHOW,HYPERNETS,S3A,5,5,5,5,490,0.74,0.82,-1.29,4.71,0.001559,0.001253,7.03
RHOW,S3A,HYPERNETS,5,5,5,5,490,0.34,0.37,1.29,4.71,0.001559,0.001253,6.47
RHOW,HYPERNETS,S3A,5,5,5,5,510,-0.03,-0.01,2.57,5.53,0.00116,8.92e-4,9.51
RHOW,S3A,HYPERNETS,5,5,5,5,510,-0.02,-0,-2.57,5.53,0.00116,8.92e-4,8.34
RHOW,HYPERNETS,S3A,5,5,5,5,560,-0.19,-0.18,-2.06,9.88,4.44e-4,3.91e-4,9.48
RHOW,S3A,HYPERNETS,5,5,5,5,560,-0.41,-0.41,2.06,9.88,4.44e-4,3.91e-4,9.25
RHOW,HYPERNETS,S3A,5,5,5,5,620,-0.3,-0.31,7.98,13.37,2.21e-4,1.66e-4,21.57
RHOW,S3A,HYPERNETS,5,5,5,5,620,-0.76,-0.8,-7.98,13.37,2.21e-4,1.66e-4,20.55
RHOW,HYPERNETS,S3A,5,5,5,5,665,-0.53,-0.66,-13.43,59.06,1.92e-4,1.57e-4,31.71
RHOW,S3A,HYPERNETS,5,5,5,5,665,-0.94,-0.84,13.43,59.06,1.92e-4,1.57e-4,40.59
RHOW,HYPERNETS,S3A,5,5,5,5,673,-0.16,-0.21,-13.19,29.15,1.55e-4,1.23e-4,24.31
RHOW,S3A,HYPERNETS,5,5,5,5,673,-0.39,-0.31,13.19,29.15,1.55e-4,1.23e-4,33.74
RHOW,HYPERNETS,S3A,5,5,5,5,681,-0.19,-0.27,-7.56,7.56,1.55e-4,1.08e-4,20.88
RHOW,S3A,HYPERNETS,5,5,5,5,681,-0.65,-0.49,7.56,7.56,1.55e-4,1.08e-4,35.18
RHOW,HYPERNETS,S3B,5,5,5,5,400,-0.78,-0.57,2.86,2.86,0.011874,0.007223,26.72
RHOW,S3B,HYPERNETS,5,5,5,5,400,-0.61,-0.87,-2.86,2.86,0.011874,0.007223,15.77
RHOW,HYPERNETS,S3B,5,5,5,5,412,-0.82,-0.63,-0.75,2.1,0.010453,0.006136,22.52
RHOW,S3B,HYPERNETS,5,5,5,5,412,-0.67,-0.91,0.75,2.1,0.010453,0.006136,13.83
RHOW,HYPERNETS,S3B,5,5,5,5,442,-1.07,-0.84,-1.25,2.61,0.008397,0.004937,20.04
RHOW,S3B,HYPERNETS,5,5,5,5,442,-0.64,-0.86,1.25,2.61,0.008397,0.004937,12.87
RHOW,HYPERNETS,S3B,5,5,5,5,490,-1.82,-1.44,-7.21,9.7,0.006102,0.004041,23.76
RHOW,S3B,HYPERNETS,5,5,5,5,490,-0.44,-0.58,7.21,9.7,0.006102,0.004041,16.32
RHOW,HYPERNETS,S3B,5,5,5,5,510,-3.09,-2.19,-11.75,16.74,0.005306,0.003449,38.79
RHOW,S3B,HYPERNETS,5,5,5,5,510,-0.26,-0.39,11.75,16.74,0.005306,0.003449,23.01
RHOW,HYPERNETS,S3B,5,5,5,5,560,-4.77,-2.95,-22.54,24.1,0.003837,0.002389,63.38
RHOW,S3B,HYPERNETS,5,5,5,5,560,-0.15,-0.27,22.54,24.1,0.003837,0.002389,32.6
RHOW,HYPERNETS,S3B,5,5,5,5,620,-7.4,-3.52,-110.52,135.76,0.002567,0.001561,214.29
RHOW,S3B,HYPERNETS,5,5,5,5,620,-0.05,-0.17,110.52,135.76,0.002567,0.001561,119.09
RHOW,HYPERNETS,S3B,5,5,5,4,665,-7.1,-4.83,-174.94,973.12,0.00221,0.001408,332.2
RHOW,S3B,HYPERNETS,5,5,5,4,665,-0.04,-0.13,174.94,973.12,0.00221,0.001408,517.46
RHOW,HYPERNETS,S3B,5,5,5,5,673,-8.58,-4.65,-248.22,313.52,0.001873,0.001135,274.13
RHOW,S3B,HYPERNETS,5,5,5,5,673,-0.05,-0.14,248.22,313.52,0.001873,0.001135,336.07
RHOW,HYPERNETS,S3B,5,5,5,5,681,-9.11,-6.08,-483.51,600.08,0.001805,0.001107,277.01
RHOW,S3B,HYPERNETS,5,5,5,5,681,-0.04,-0.11,483.51,600.08,0.001805,0.001107,832.87
RHOW,TRIOS,S3A,3,3,3,3,400,2.4,2.36,16.63,16.63,0.004923,0.004817,15.7
RHOW,S3A,TRIOS,3,3,3,3,400,0.42,0.42,-16.63,16.63,0.004923,0.004817,14.68
RHOW,TRIOS,S3A,3,3,3,3,412,1.98,2,10.7,12.35,0.003653,0.003642,12.05
RHOW,S3A,TRIOS,3,3,3,3,412,0.5,0.5,-10.7,12.35,0.003653,0.003642,11.91
RHOW,TRIOS,S3A,3,3,3,3,442,1.67,1.68,7.1,7.81,0.002158,0.002155,7.85
RHOW,S3A,TRIOS,3,3,3,3,442,0.6,0.59,-7.1,7.81,0.002158,0.002155,7.78
RHOW,TRIOS,S3A,3,3,3,3,490,1.98,2.02,4.52,4.65,0.001083,0.001056,5.77
RHOW,S3A,TRIOS,3,3,3,3,490,0.5,0.49,-4.52,4.65,0.001083,0.001056,5.88
RHOW,TRIOS,S3A,3,3,3,3,510,2.67,2.69,1.55,6.34,8.23e-4,6.96e-4,6.65
RHOW,S3A,TRIOS,3,3,3,3,510,0.27,0.26,-1.55,6.34,8.23e-4,6.96e-4,7.07
RHOW,TRIOS,S3A,3,3,3,3,560,1.3,1.21,5.84,5.84,2.4e-4,2.29e-4,5.53
RHOW,S3A,TRIOS,3,3,3,3,560,0.53,0.54,-5.84,5.84,2.4e-4,2.29e-4,5.3
RHOW,TRIOS,S3A,3,3,3,3,620,0.91,0.49,48.38,48.38,3.26e-4,3.2e-4,70.79
RHOW,S3A,TRIOS,3,3,3,3,620,0.93,1.55,-48.38,48.38,3.26e-4,3.2e-4,39.51
RHOW,TRIOS,S3A,3,3,3,3,665,1.38,0.71,66.96,66.96,2.13e-4,2.07e-4,86.41
RHOW,S3A,TRIOS,3,3,3,3,665,0.71,1.36,-66.96,66.96,2.13e-4,2.07e-4,45.13
RHOW,TRIOS,S3A,3,3,3,3,673,0.74,0.42,40.79,40.79,1.3e-4,1.25e-4,66.75
RHOW,S3A,TRIOS,3,3,3,3,673,1.27,2.05,-40.79,40.79,1.3e-4,1.25e-4,35.65
RHOW,TRIOS,S3A,3,3,3,3,681,0.8,0.57,37.33,37.33,9.5e-5,9.3e-5,43.99
RHOW,S3A,TRIOS,3,3,3,3,681,1.25,1.76,-37.33,37.33,9.5e-5,9.3e-5,28.61
RHOW,TRIOS,S3B,10,10,10,10,400,-1.59,-1.23,15.61,15.61,0.010606,0.008021,24.76
RHOW,S3B,TRIOS,10,10,10,10,400,-0.18,-0.23,-15.61,15.61,0.010606,0.008021,17.56
RHOW,TRIOS,S3B,10,10,10,10,412,-1.51,-1.21,11.2,11.2,0.009051,0.006379,19.93
RHOW,S3B,TRIOS,10,10,10,10,412,-0.18,-0.22,-11.2,11.2,0.009051,0.006379,14.41
RHOW,TRIOS,S3B,10,10,10,10,442,-1.1,-0.87,9.98,9.98,0.007396,0.005152,18.44
RHOW,S3B,TRIOS,10,10,10,10,442,-0.13,-0.16,-9.98,9.98,0.007396,0.005152,13.53
RHOW,TRIOS,S3B,10,10,10,10,490,-0.6,-0.44,6.75,6.98,0.005602,0.003597,19.84
RHOW,S3B,TRIOS,10,10,10,10,490,-0.04,-0.05,-6.75,6.98,0.005602,0.003597,13.67
RHOW,TRIOS,S3B,10,10,10,10,510,-2.18,-1.65,-0.18,8.19,0.004899,0.003036,29.83
RHOW,S3B,TRIOS,10,10,10,10,510,-0.03,-0.03,0.18,8.19,0.004899,0.003036,17.78
RHOW,TRIOS,S3B,10,10,10,10,560,-1.76,-1,-2.19,11.59,0.003951,0.002365,58.58
RHOW,S3B,TRIOS,10,10,10,10,560,-0.03,-0.04,2.19,11.59,0.003951,0.002365,24.77
RHOW,TRIOS,S3B,10,10,10,10,620,-0.72,0.01,14.72,100.72,0.002885,0.001821,314.76
RHOW,S3B,TRIOS,10,10,10,10,620,-0.03,0,-14.72,100.72,0.002885,0.001821,79.13
RHOW,TRIOS,S3B,10,10,10,9,665,-0.97,0.27,-134.41,514.12,0.002349,0.001591,571.72
RHOW,S3B,TRIOS,10,10,10,9,665,-0.05,0.06,134.41,514.12,0.002349,0.001591,208.46
RHOW,TRIOS,S3B,10,10,10,10,673,-0.6,0.25,1.21,272.04,0.002108,0.001338,536.34
RHOW,S3B,TRIOS,10,10,10,10,673,-0.03,0.08,-1.21,272.04,0.002108,0.001338,135.58
RHOW,TRIOS,S3B,10,10,10,10,681,-0.61,0.48,-68.67,519.88,0.002026,0.001312,488.67
RHOW,S3B,TRIOS,10,10,10,10,681,-0.03,0.1,68.67,519.88,0.002026,0.001312,237.59
RHOW,HYPERPRO,S3A,3,3,3,3,400,1.82,1.98,2.5,4.41,0.003253,0.002608,8.63
RHOW,S3A,HYPERPRO,3,3,3,3,400,0.55,0.51,-2.5,4.41,0.003253,0.002608,10.03
RHOW,HYPERPRO,S3A,3,3,3,3,412,1.68,1.82,1.55,3.04,0.002786,0.002096,7.31
RHOW,S3A,HYPERPRO,3,3,3,3,412,0.59,0.55,-1.55,3.04,0.002786,0.002096,8.48
RHOW,HYPERPRO,S3A,3,3,3,3,442,1.58,1.66,0.34,3.27,0.001778,0.00134,5.18
RHOW,S3A,HYPERPRO,3,3,3,3,442,0.63,0.6,-0.34,3.27,0.001778,0.00134,5.69
RHOW,HYPERPRO,S3A,3,3,3,3,490,2.17,2.28,-1.86,2.5,0.00115,9.12e-4,5.03
RHOW,S3A,HYPERPRO,3,3,3,3,490,0.45,0.43,1.86,2.5,0.00115,9.12e-4,5.45
RHOW,HYPERPRO,S3A,3,3,3,3,510,1.18,1.34,-8.59,8.59,0.001356,0.001193,10.73
RHOW,S3A,HYPERPRO,3,3,3,3,510,0.05,0.04,8.59,8.59,0.001356,0.001193,12.52
RHOW,HYPERPRO,S3A,3,3,3,3,560,-0.49,-0.56,-12.5,12.5,5.95e-4,5.6e-4,12.06
RHOW,S3A,HYPERPRO,3,3,3,3,560,-1.14,-0.99,12.5,12.5,5.95e-4,5.6e-4,13.96
RHOW,HYPERPRO,S3A,3,3,3,3,620,NA,NA,-31.56,31.56,2.25e-4,2.25e-4,23.9
RHOW,S3A,HYPERPRO,3,3,3,3,620,0,-0,31.56,31.56,2.25e-4,2.25e-4,31.42
RHOW,HYPERPRO,S3A,3,3,3,3,665,0.21,0.15,-61.96,61.96,2.52e-4,2.47e-4,40.14
RHOW,S3A,HYPERPRO,3,3,3,3,665,0.03,0.01,61.96,61.96,2.52e-4,2.47e-4,70.3
RHOW,HYPERPRO,S3A,3,3,3,3,673,-0.23,-0.3,-83.57,83.57,2.54e-4,2.29e-4,40.27
RHOW,S3A,HYPERPRO,3,3,3,3,673,-3.57,-2.68,83.57,83.57,2.54e-4,2.29e-4,69.84
RHOW,HYPERPRO,S3A,3,3,3,3,681,-0.16,-0.21,-47.83,47.83,1.7e-4,1.43e-4,29.04
RHOW,S3A,HYPERPRO,3,3,3,3,681,-1.12,-0.86,47.83,47.83,1.7e-4,1.43e-4,48.32
RHOW,HYPERPRO,S3B,2,2,2,2,400,-3.31,-2.73,20.64,20.64,0.010943,0.007852,22.64
RHOW,S3B,HYPERPRO,2,2,2,2,400,-0.3,-0.37,-20.64,20.64,0.010943,0.007852,15.74
RHOW,HYPERPRO,S3B,2,2,2,2,412,-3.38,-2.85,18.16,19.42,0.00979,0.007115,21.09
RHOW,S3B,HYPERPRO,2,2,2,2,412,-0.3,-0.35,-18.16,19.42,0.00979,0.007115,15.1
RHOW,HYPERPRO,S3B,2,2,2,2,442,-4.26,-3.62,17.26,18.59,0.008109,0.005908,20.08
RHOW,S3B,HYPERPRO,2,2,2,2,442,-0.23,-0.28,-17.26,18.59,0.008109,0.005908,14.61
RHOW,HYPERPRO,S3B,2,2,2,2,490,-10.76,-8.94,19.69,23.7,0.006508,0.004914,25.64
RHOW,S3B,HYPERPRO,2,2,2,2,490,-0.09,-0.11,-19.69,23.7,0.006508,0.004914,17.9
RHOW,HYPERPRO,S3B,2,2,2,2,510,-27.66,-22.16,22.65,40.71,0.005743,0.004722,42.71
RHOW,S3B,HYPERPRO,2,2,2,2,510,-0.04,-0.05,-22.65,40.71,0.005743,0.004722,28.39
RHOW,HYPERPRO,S3B,2,2,2,2,560,-38.82,-25.81,43.42,74.79,0.004765,0.003759,84.31
RHOW,S3B,HYPERPRO,2,2,2,2,560,-0.03,-0.04,-43.42,74.79,0.004765,0.003759,40.99
RHOW,HYPERPRO,S3B,2,2,2,2,620,NA,NA,68.61,264.93,0.003453,0.002682,284.55
RHOW,S3B,HYPERPRO,2,2,2,2,620,-0,-0,-68.61,264.93,0.003453,0.002682,100.09
RHOW,HYPERPRO,S3B,2,2,2,2,665,-28.96,-15.7,-2.01,807.4,0.002722,0.002185,439.34
RHOW,S3B,HYPERPRO,2,2,2,2,665,-0.03,-0.06,2.01,807.4,0.002722,0.002185,457.21
RHOW,HYPERPRO,S3B,2,2,2,2,673,-39.74,-12.54,101.61,546.12,0.002679,0.002031,635.71
RHOW,S3B,HYPERPRO,2,2,2,2,673,-0.03,-0.08,-101.61,546.12,0.002679,0.002031,156.41
RHOW,HYPERPRO,S3B,2,2,2,2,681,NA,NA,60.97,674.59,0.002554,0.001926,613.05
RHOW,S3B,HYPERPRO,2,2,2,2,681,-0,0,-60.97,674.59,0.002554,0.001926,236.59
RHOW,HYPERNETS,S3_all,10,10,10,10,400,0.15,0.32,6.97,7.83,0.009243,0.005886,20.97
RHOW,S3_all,HYPERNETS,10,10,10,10,400,0.07,0.2,-6.97,7.83,0.009243,0.005886,14.23
RHOW,HYPERNETS,S3_all,10,10,10,10,412,0.17,0.35,2.95,6.2,0.007994,0.004756,16.97
RHOW,S3_all,HYPERNETS,10,10,10,10,412,0.09,0.22,-2.95,6.2,0.007994,0.004756,11.87
RHOW,HYPERNETS,S3_all,10,10,10,10,442,0.05,0.23,1.11,2.78,0.006322,0.003558,14.08
RHOW,S3_all,HYPERNETS,10,10,10,10,442,0.02,0.14,-1.11,2.78,0.006322,0.003558,9.96
RHOW,HYPERNETS,S3_all,10,10,10,10,490,-0.87,-0.64,-2.13,8.62,0.004453,0.002647,15.39
RHOW,S3_all,HYPERNETS,10,10,10,10,490,-0.22,-0.24,2.13,8.62,0.004453,0.002647,11.4
RHOW,HYPERNETS,S3_all,10,10,10,10,510,-2.15,-1.58,0.18,13.4,0.003841,0.00217,24.15
RHOW,S3_all,HYPERNETS,10,10,10,10,510,-0.21,-0.32,-0.18,13.4,0.003841,0.00217,15.67
RHOW,HYPERNETS,S3_all,10,10,10,10,560,-3.09,-2.01,-4.37,15.45,0.002731,0.00139,36.43
RHOW,S3_all,HYPERNETS,10,10,10,10,560,-0.12,-0.23,4.37,15.45,0.002731,0.00139,20.92
RHOW,HYPERNETS,S3_all,10,10,10,10,620,-3.29,-1.97,3.79,51.93,0.001821,8.63e-4,117.93
RHOW,S3_all,HYPERNETS,10,10,10,10,620,-0.04,-0.17,-3.79,51.93,0.001821,8.63e-4,69.82
RHOW,HYPERNETS,S3_all,10,10,10,9,665,-4.02,-3.17,-13.43,61.43,0.00148,7.13e-4,165.26
RHOW,S3_all,HYPERNETS,10,10,10,9,665,-0.04,-0.14,13.43,61.43,0.00148,7.13e-4,252.54
RHOW,HYPERNETS,S3_all,10,10,10,10,673,-4.55,-2.94,-36.71,65.79,0.001329,6.29e-4,149.22
RHOW,S3_all,HYPERNETS,10,10,10,10,673,-0.04,-0.15,36.71,65.79,0.001329,6.29e-4,184.9
RHOW,HYPERNETS,S3_all,10,10,10,10,681,-4.89,-3.96,-39.11,80.07,0.001281,6.08e-4,148.95
RHOW,S3_all,HYPERNETS,10,10,10,10,681,-0.04,-0.11,39.11,80.07,0.001281,6.08e-4,434.03
RHOW,TRIOS,S3_all,13,13,13,13,400,0.83,1.09,16.63,16.63,0.009598,0.007281,22.67
RHOW,S3_all,TRIOS,13,13,13,13,400,0.11,0.2,-16.63,16.63,0.009598,0.007281,16.9
RHOW,TRIOS,S3_all,13,13,13,13,412,0.83,1.08,10.7,12.35,0.00813,0.005748,18.11
RHOW,S3_all,TRIOS,13,13,13,13,412,0.13,0.22,-10.7,12.35,0.00813,0.005748,13.83
RHOW,TRIOS,S3_all,13,13,13,13,442,0.64,0.83,7.1,7.81,0.006569,0.00446,16
RHOW,S3_all,TRIOS,13,13,13,13,442,0.1,0.17,-7.1,7.81,0.006569,0.00446,12.21
RHOW,TRIOS,S3_all,13,13,13,13,490,0.01,0.14,4.52,4.65,0.004941,0.003011,16.6
RHOW,S3_all,TRIOS,13,13,13,13,490,0,0.01,-4.52,4.65,0.004941,0.003011,11.87
RHOW,TRIOS,S3_all,13,13,13,13,510,-1.61,-1.14,1.55,7.7,0.004315,0.002496,24.48
RHOW,S3_all,TRIOS,13,13,13,13,510,-0.02,-0.03,-1.55,7.7,0.004315,0.002496,15.31
RHOW,TRIOS,S3_all,13,13,13,13,560,-1.29,-0.71,-0.84,7.22,0.003468,0.001872,46.34
RHOW,S3_all,TRIOS,13,13,13,13,560,-0.02,-0.03,0.84,7.22,0.003468,0.001872,20.27
RHOW,TRIOS,S3_all,13,13,13,13,620,-0.36,0.08,24.72,48.38,0.002536,0.001474,258.46
RHOW,S3_all,TRIOS,13,13,13,13,620,-0.02,0.02,-24.72,48.38,0.002536,0.001474,69.98
RHOW,TRIOS,S3_all,13,13,13,12,665,-0.53,0.28,32.49,179.81,0.002037,0.001245,450.39
RHOW,S3_all,TRIOS,13,13,13,12,665,-0.03,0.07,-32.49,179.81,0.002037,0.001245,167.63
RHOW,TRIOS,S3_all,13,13,13,13,673,-0.3,0.27,26.41,133.04,0.00185,0.001058,427.97
RHOW,S3_all,TRIOS,13,13,13,13,673,-0.02,0.09,-26.41,133.04,0.00185,0.001058,112.52
RHOW,TRIOS,S3_all,13,13,13,13,681,-0.33,0.47,-1.6,135.97,0.001778,0.001031,386.05
RHOW,S3_all,TRIOS,13,13,13,13,681,-0.02,0.1,1.6,135.97,0.001778,0.001031,189.37
RHOW,HYPERPRO,S3_all,5,5,5,5,400,1.67,1.87,2.5,4.41,0.007365,0.004705,14.23
RHOW,S3_all,HYPERPRO,5,5,5,5,400,0.27,0.32,-2.5,4.41,0.007365,0.004705,12.31
RHOW,HYPERPRO,S3_all,5,5,5,5,412,1.58,1.75,1.55,3.04,0.006557,0.004104,12.82
RHOW,S3_all,HYPERPRO,5,5,5,5,412,0.29,0.35,-1.55,3.04,0.006557,0.004104,11.13
RHOW,HYPERPRO,S3_all,5,5,5,5,442,1.53,1.63,0.34,3.27,0.00531,0.003167,11.14
RHOW,S3_all,HYPERPRO,5,5,5,5,442,0.26,0.33,-0.34,3.27,0.00531,0.003167,9.26
RHOW,HYPERPRO,S3_all,5,5,5,5,490,1.85,1.99,-1.86,3.35,0.004211,0.002513,13.28
RHOW,S3_all,HYPERPRO,5,5,5,5,490,0.06,0.09,1.86,3.35,0.004211,0.002513,10.43
RHOW,HYPERPRO,S3_all,5,5,5,5,510,-10.59,-8.28,-8.59,14.72,0.003781,0.002605,23.52
RHOW,S3_all,HYPERPRO,5,5,5,5,510,-0.02,-0.02,8.59,14.72,0.003781,0.002605,18.87
RHOW,HYPERPRO,S3_all,5,5,5,5,560,-13.54,-9.13,-12.5,21.07,0.003048,0.001839,40.96
RHOW,S3_all,HYPERPRO,5,5,5,5,560,-0.02,-0.04,12.5,21.07,0.003048,0.001839,24.77
RHOW,HYPERPRO,S3_all,5,5,5,5,620,NA,NA,-31.56,32.61,0.002191,0.001208,128.16
RHOW,S3_all,HYPERPRO,5,5,5,5,620,-0,-0,31.56,32.61,0.002191,0.001208,58.89
RHOW,HYPERPRO,S3_all,5,5,5,5,665,-27.21,-11.43,-61.96,103.21,0.001733,0.001022,199.82
RHOW,S3_all,HYPERPRO,5,5,5,5,665,-0.03,-0.07,61.96,103.21,0.001733,0.001022,225.07
RHOW,HYPERPRO,S3_all,5,5,5,5,673,-5.53,-1.81,-83.57,106.82,0.001706,9.5e-4,278.45
RHOW,S3_all,HYPERPRO,5,5,5,5,673,-0.05,-0.13,83.57,106.82,0.001706,9.5e-4,104.46
RHOW,HYPERPRO,S3_all,5,5,5,5,681,-5.79,-0.77,-47.83,90.34,0.00162,8.56e-4,262.64
RHOW,S3_all,HYPERPRO,5,5,5,5,681,-0.02,-0.02,47.83,90.34,0.00162,8.56e-4,123.63
RHOW,HYPERNETS,VIIRS_N,33,33,33,33,410,0.83,0.81,3.49,13.16,0.005603,0.004336,14.57
RHOW,VIIRS_N,HYPERNETS,33,33,33,33,410,0.6,0.59,-3.49,13.16,0.005603,0.004336,13.02
RHOW,HYPERNETS,VIIRS_N,33,33,33,33,443,0.71,0.72,0.09,9.6,0.004252,0.0032,11.86
RHOW,VIIRS_N,HYPERNETS,33,33,33,33,443,0.57,0.57,-0.09,9.6,0.004252,0.0032,10.68
RHOW,HYPERNETS,VIIRS_N,33,33,33,33,486,0.29,0.35,-3.11,10.12,0.002982,0.002292,11.56
RHOW,VIIRS_N,HYPERNETS,33,33,33,33,486,0.2,0.23,3.11,10.12,0.002982,0.002292,10.88
RHOW,HYPERNETS,VIIRS_N,33,33,33,33,551,-0.29,-0.37,-17.39,18.63,0.001966,0.001418,23.14
RHOW,VIIRS_N,HYPERNETS,33,33,33,33,551,-0.31,-0.28,17.39,18.63,0.001966,0.001418,30.51
RHOW,HYPERNETS,VIIRS_N,33,33,33,31,671,-0.08,-0.31,-149.73,165.38,0.001133,8.06e-4,81.55
RHOW,VIIRS_N,HYPERNETS,33,33,33,31,671,-0.45,-0.14,149.73,165.38,0.001133,8.06e-4,1051.36
RHOW,HYPERNETS,VIIRS_J1,23,23,23,23,411,0.95,0.92,0.53,6.63,0.003095,0.002692,8.07
RHOW,VIIRS_J1,HYPERNETS,23,23,23,23,411,0.82,0.83,-0.53,6.63,0.003095,0.002692,8.11
RHOW,HYPERNETS,VIIRS_J1,23,23,23,23,445,0.84,0.81,2.61,5.78,0.002314,0.002031,7.03
RHOW,VIIRS_J1,HYPERNETS,23,23,23,23,445,0.84,0.87,-2.61,5.78,0.002314,0.002031,6.84
RHOW,HYPERNETS,VIIRS_J1,23,23,23,23,489,0.69,0.7,1.12,5.35,0.001687,0.001376,6.67
RHOW,VIIRS_J1,HYPERNETS,23,23,23,23,489,0.51,0.52,-1.12,5.35,0.001687,0.001376,6.41
RHOW,HYPERNETS,VIIRS_J1,23,23,23,23,556,0.24,0.35,-0.6,14.71,0.001217,9.52e-4,16.55
RHOW,VIIRS_J1,HYPERNETS,23,23,23,23,556,0.39,0.37,0.6,14.71,0.001217,9.52e-4,16.73
RHOW,HYPERNETS,VIIRS_J1,23,23,23,22,667,0.15,0.66,-32.95,96.22,9.27e-4,6.42e-4,54.32
RHOW,VIIRS_J1,HYPERNETS,23,23,23,22,667,0.49,0.21,32.95,96.22,9.27e-4,6.42e-4,253.28
RHOW,HYPERNETS,VIIRS_J2,24,24,24,24,411,0.08,0.07,-11.16,17.49,0.005508,0.005034,14.25
RHOW,VIIRS_J2,HYPERNETS,24,24,24,24,411,0.52,0.4,11.16,17.49,0.005508,0.005034,15.46
RHOW,HYPERNETS,VIIRS_J2,24,24,24,24,445,0.03,0.01,-14.16,15.14,0.005081,0.004493,14.63
RHOW,VIIRS_J2,HYPERNETS,24,24,24,24,445,0.1,0.03,14.16,15.14,0.005081,0.004493,17.29
RHOW,HYPERNETS,VIIRS_J2,24,24,24,24,489,-0.21,-0.25,-15.79,16.02,0.00383,0.003331,15.97
RHOW,VIIRS_J2,HYPERNETS,24,24,24,24,489,-0.52,-0.45,15.79,16.02,0.00383,0.003331,19.72
RHOW,HYPERNETS,VIIRS_J2,24,24,24,24,556,-0.26,-0.45,-60,60,0.002235,0.00189,34.27
RHOW,VIIRS_J2,HYPERNETS,24,24,24,24,556,-0.51,-0.3,60,60,0.002235,0.00189,65.39
RHOW,HYPERNETS,VIIRS_J2,24,24,24,15,667,-0.13,-0.78,-135.71,135.71,7.56e-4,5.28e-4,56.05
RHOW,VIIRS_J2,HYPERNETS,24,24,24,15,667,-3.51,-0.61,135.71,135.71,7.56e-4,5.28e-4,838.4
RHOW,TRIOS,VIIRS_N,40,39,36,36,410,0.95,0.91,5.37,11.15,0.004816,0.00398,13.72
RHOW,VIIRS_N,TRIOS,40,39,36,36,410,0.64,0.62,-5.37,11.15,0.004816,0.00398,12.25
RHOW,TRIOS,VIIRS_N,40,39,39,39,443,0.85,0.85,3.37,8.94,0.003664,0.002887,11.02
RHOW,VIIRS_N,TRIOS,40,39,39,39,443,0.62,0.61,-3.37,8.94,0.003664,0.002887,9.83
RHOW,TRIOS,VIIRS_N,40,39,39,39,486,0.64,0.72,2.14,9.38,0.002537,0.001931,10
RHOW,VIIRS_N,TRIOS,40,39,39,39,486,0.26,0.28,-2.14,9.38,0.002537,0.001931,9.07
RHOW,TRIOS,VIIRS_N,40,39,39,39,551,-0.28,-0.26,-3.97,15.17,0.001296,9.61e-4,18.63
RHOW,VIIRS_N,TRIOS,40,39,39,39,551,-0.09,-0.09,3.97,15.17,0.001296,9.61e-4,17.66
RHOW,TRIOS,VIIRS_N,40,39,36,34,671,-0.31,-0.55,14.51,90.32,5.62e-4,3.73e-4,167.65
RHOW,VIIRS_N,TRIOS,40,39,36,34,671,-0.24,-0.33,-14.51,90.32,5.62e-4,3.73e-4,556.59
RHOW,TRIOS,VIIRS_J1,27,27,26,26,411,0.94,0.88,2.31,6.97,0.003154,0.002547,8.68
RHOW,VIIRS_J1,TRIOS,27,27,26,26,411,0.84,0.85,-2.31,6.97,0.003154,0.002547,8.19
RHOW,TRIOS,VIIRS_J1,27,27,27,27,445,0.89,0.83,3.1,5.5,0.002274,0.001861,7.05
RHOW,VIIRS_J1,TRIOS,27,27,27,27,445,0.84,0.86,-3.1,5.5,0.002274,0.001861,6.62
RHOW,TRIOS,VIIRS_J1,27,27,27,27,489,1.06,1,4.04,6.47,0.001659,0.001429,7.28
RHOW,VIIRS_J1,TRIOS,27,27,27,27,489,0.5,0.52,-4.04,6.47,0.001659,0.001429,6.81
RHOW,TRIOS,VIIRS_J1,27,27,27,27,556,0.35,0.39,17.67,17.67,0.001136,0.00093000000000000005,20.03
RHOW,VIIRS_J1,TRIOS,27,27,27,27,556,0.26,0.29,-17.67,17.67,0.001136,0.00093000000000000005,16.03
RHOW,TRIOS,VIIRS_J1,27,27,26,25,667,0.28,0.08,78.43,123.05,5.75e-4,4.93e-4,145.54
RHOW,VIIRS_J1,TRIOS,27,27,26,25,667,0.26,0.05,-78.43,123.05,5.75e-4,4.93e-4,414.96
RHOW,TRIOS,VIIRS_J2,32,32,29,29,411,0.27,0.27,-10.57,10.57,0.003834,0.003118,8.56
RHOW,VIIRS_J2,TRIOS,32,32,29,29,411,0.48,0.4,10.57,10.57,0.003834,0.003118,9.71
RHOW,TRIOS,VIIRS_J2,32,32,32,32,445,0.28,0.3,-13.28,13.28,0.00424,0.003568,11.56
RHOW,VIIRS_J2,TRIOS,32,32,32,32,445,0.31,0.24,13.28,13.28,0.00424,0.003568,13.86
RHOW,TRIOS,VIIRS_J2,32,32,32,32,489,-0.07,-0.09,-12.66,12.66,0.003056,0.002539,12.41
RHOW,VIIRS_J2,TRIOS,32,32,32,32,489,-0.04,-0.03,12.66,12.66,0.003056,0.002539,15.22
RHOW,TRIOS,VIIRS_J2,32,32,32,32,556,-0.36,-0.49,-32.25,32.25,0.001491,0.001209,25.56
RHOW,VIIRS_J2,TRIOS,32,32,32,32,556,-0.13,-0.08,32.25,32.25,0.001491,0.001209,43.55
RHOW,TRIOS,VIIRS_J2,32,32,29,20,667,-0.25,-0.5,15.88,214.04,3.76e-4,3.13e-4,138.19
RHOW,VIIRS_J2,TRIOS,32,32,29,20,667,-1.01,-0.57,-15.88,214.04,3.76e-4,3.13e-4,471.15
RHOW,HYPERPRO,VIIRS_N,4,4,4,4,410,0.63,0.7,-9.38,14.86,0.005661,0.004466,13.62
RHOW,VIIRS_N,HYPERPRO,4,4,4,4,410,0.46,0.47,9.38,14.86,0.005661,0.004466,16.82
RHOW,HYPERPRO,VIIRS_N,4,4,4,4,443,0.7,0.77,-6.93,11.07,0.003656,0.002907,10.14
RHOW,VIIRS_N,HYPERPRO,4,4,4,4,443,0.5,0.51,6.93,11.07,0.003656,0.002907,11.71
RHOW,HYPERPRO,VIIRS_N,4,4,4,4,486,0.76,0.86,-4.82,9.28,0.001812,0.001622,8.24
RHOW,VIIRS_N,HYPERPRO,4,4,4,4,486,0.26,0.26,4.82,9.28,0.001812,0.001622,9.01
RHOW,HYPERPRO,VIIRS_N,4,4,4,4,551,4.83,4.8,-16.63,17.91,9.55e-4,9.15e-4,16.35
RHOW,VIIRS_N,HYPERPRO,4,4,4,4,551,0.1,0.09,16.63,17.91,9.55e-4,9.15e-4,18.96
RHOW,HYPERPRO,VIIRS_N,4,4,4,4,671,0.13,0.13,-35.82,35.82,1.99e-4,1.74e-4,31.02
RHOW,VIIRS_N,HYPERPRO,4,4,4,4,671,0.2,0.1,35.82,35.82,1.99e-4,1.74e-4,52.58
RHOW,HYPERPRO,VIIRS_J1,3,3,3,3,411,0.74,0.9,-24.29,24.29,0.006344,0.006218,19.11
RHOW,VIIRS_J1,HYPERPRO,3,3,3,3,411,1.35,1.1,24.29,24.29,0.006344,0.006218,23.67
RHOW,HYPERPRO,VIIRS_J1,3,3,3,3,445,0.82,0.91,-12.02,12.02,0.002942,0.002887,10.26
RHOW,VIIRS_J1,HYPERPRO,3,3,3,3,445,1.22,1.1,12.02,12.02,0.002942,0.002887,11.45
RHOW,HYPERPRO,VIIRS_J1,3,3,3,3,489,1.21,1.19,-3.51,3.51,0.00152,0.001172,6.04
RHOW,VIIRS_J1,HYPERPRO,3,3,3,3,489,0.32,0.31,3.51,3.51,0.00152,0.001172,6.71
RHOW,HYPERPRO,VIIRS_J1,3,3,3,3,556,1.22,2.1,-1.65,22.66,0.00125,0.001017,20.63
RHOW,VIIRS_J1,HYPERPRO,3,3,3,3,556,0.02,0.02,1.65,22.66,0.00125,0.001017,26.79
RHOW,HYPERPRO,VIIRS_J1,3,3,3,3,667,0.79,11.04,-218.2,218.2,4.26e-4,4.22e-4,76.5
RHOW,VIIRS_J1,HYPERPRO,3,3,3,3,667,0.02,0.03,218.2,218.2,4.26e-4,4.22e-4,1373.34
RHOW,HYPERPRO,VIIRS_J2,5,5,5,5,411,0.5,0.56,-0.97,0.97,0.003051,0.001733,4.89
RHOW,VIIRS_J2,HYPERPRO,5,5,5,5,411,0.47,0.48,0.97,0.97,0.003051,0.001733,5.73
RHOW,HYPERPRO,VIIRS_J2,5,5,5,5,445,0.19,0.2,-4.38,4.38,0.003373,0.002316,7.71
RHOW,VIIRS_J2,HYPERPRO,5,5,5,5,445,0.26,0.24,4.38,4.38,0.003373,0.002316,9.25
RHOW,HYPERPRO,VIIRS_J2,5,5,5,5,489,-0.01,-0.02,-5.1,5.1,0.002444,0.001784,9.04
RHOW,VIIRS_J2,HYPERPRO,5,5,5,5,489,-0.01,-0.02,5.1,5.1,0.002444,0.001784,10.86
RHOW,HYPERPRO,VIIRS_J2,5,5,5,5,556,-0.56,-1.08,-25.17,25.17,0.00149,0.001307,26.53
RHOW,VIIRS_J2,HYPERPRO,5,5,5,5,556,-0.05,-0.04,25.17,25.17,0.00149,0.001307,43.25
RHOW,HYPERPRO,VIIRS_J2,5,5,5,4,667,0.69,2.26,-122.78,122.78,3.61e-4,3.4e-4,58.55
RHOW,VIIRS_J2,HYPERPRO,5,5,5,4,667,1.17,0.25,122.78,122.78,3.61e-4,3.4e-4,435.62
ED,HYPERNETS,TRIOS,55,53,53,53,380,0.95,0.96,-1.76,3.06,20.158811,17.707601,3.24
ED,TRIOS,HYPERNETS,55,53,53,53,380,1.04,1.02,1.76,3.06,20.158811,17.707601,3.24
ED,HYPERNETS,TRIOS,55,53,53,53,400,0.83,0.96,-15.46,15.46,127.001215,118.928151,12.5
ED,TRIOS,HYPERNETS,55,53,53,53,400,1.18,1.02,15.46,15.46,127.001215,118.928151,14.44
ED,HYPERNETS,TRIOS,55,53,53,53,412,0.93,0.96,-2.74,3.69,44.100177,39.365964,3.87
ED,TRIOS,HYPERNETS,55,53,53,53,412,1.05,1.02,2.74,3.69,44.100177,39.365964,3.98
ED,HYPERNETS,TRIOS,55,53,53,53,443,0.93,0.96,-2.17,3.99,46.850421,40.750582,3.59
ED,TRIOS,HYPERNETS,55,53,53,53,443,1.05,1.03,2.17,3.99,46.850421,40.750582,3.63
ED,HYPERNETS,TRIOS,55,53,53,53,490,0.95,0.96,-0.2,2.57,45.670441,36.893149,3.2
ED,TRIOS,HYPERNETS,55,53,53,53,490,1.03,1.02,0.2,2.57,45.670441,36.893149,3.13
ED,HYPERNETS,TRIOS,55,53,53,53,510,0.93,0.96,-1.89,3.73,50.636296,43.225529,3.56
ED,TRIOS,HYPERNETS,55,53,53,53,510,1.04,1.02,1.89,3.73,50.636296,43.225529,3.58
ED,HYPERNETS,TRIOS,55,53,53,53,560,0.96,0.96,1.44,2.37,48.829448,36.120879,3.37
ED,TRIOS,HYPERNETS,55,53,53,53,560,1.01,1.02,-1.44,2.37,48.829448,36.120879,3.17
ED,HYPERNETS,TRIOS,55,53,53,53,620,0.96,0.96,1.24,2.08,44.485326,34.052611,3.34
ED,TRIOS,HYPERNETS,55,53,53,53,620,1.01,1.02,-1.24,2.08,44.485326,34.052611,3.17
ED,HYPERNETS,TRIOS,55,53,53,53,673,0.97,0.96,2.59,2.77,49.273175,35.701435,3.73
ED,TRIOS,HYPERNETS,55,53,53,53,673,1,1.02,-2.59,2.77,49.273175,35.701435,3.48
ED,HYPERNETS,TRIOS,55,53,53,53,700,0.98,0.95,3.89,3.89,51.042126,39.047025,4.67
ED,TRIOS,HYPERNETS,55,53,53,53,700,0.99,1.03,-3.89,3.89,51.042126,39.047025,4.3
ED,HYPERNETS,HYPERPRO,9,9,9,9,380,0.41,0.42,-7.88,7.88,47.380205,43.757096,6.34
ED,HYPERPRO,HYPERNETS,9,9,9,9,380,0.75,0.7,7.88,7.88,47.380205,43.757096,6.84
ED,HYPERNETS,HYPERPRO,9,9,9,9,400,0.41,0.45,-16.2,16.2,143.375359,139.350172,12.76
ED,HYPERPRO,HYPERNETS,9,9,9,9,400,0.89,0.78,16.2,16.2,143.375359,139.350172,14.74
ED,HYPERNETS,HYPERPRO,9,9,9,9,412,0.41,0.42,-7.1,7.1,74.639012,67.287586,5.51
ED,HYPERPRO,HYPERNETS,9,9,9,9,412,0.94,0.9,7.1,7.1,74.639012,67.287586,5.9
ED,HYPERNETS,HYPERPRO,9,9,9,9,443,0.41,0.4,-4.6,4.73,61.559581,55.540395,4.03
ED,HYPERPRO,HYPERNETS,9,9,9,9,443,0.86,0.84,4.6,4.73,61.559581,55.540395,4.19
ED,HYPERNETS,HYPERPRO,9,9,9,9,490,0.38,0.37,-2.29,2.38,51.271789,42.120724,2.91
ED,HYPERPRO,HYPERNETS,9,9,9,9,490,0.77,0.77,2.29,2.38,51.271789,42.120724,2.91
ED,HYPERNETS,HYPERPRO,9,9,9,9,510,0.37,0.36,-2.78,3.28,54.658536,45.772919,3.12
ED,HYPERPRO,HYPERNETS,9,9,9,9,510,0.76,0.75,2.78,3.28,54.658536,45.772919,3.16
ED,HYPERNETS,HYPERPRO,9,9,9,9,560,0.38,0.36,1.09,1.63,55.050421,38.467615,2.86
ED,HYPERPRO,HYPERNETS,9,9,9,9,560,0.73,0.75,-1.09,1.63,55.050421,38.467615,2.71
ED,HYPERNETS,HYPERPRO,9,9,9,9,620,0.36,0.34,0.46,1.83,48.857012,34.323815,2.71
ED,HYPERPRO,HYPERNETS,9,9,9,9,620,0.73,0.74,-0.46,1.83,48.857012,34.323815,2.58
ED,HYPERNETS,HYPERPRO,9,9,9,9,673,0.36,0.34,2.09,2.09,56.113774,39.306456,3.34
ED,HYPERPRO,HYPERNETS,9,9,9,9,673,0.67,0.69,-2.09,2.09,56.113774,39.306456,3.12
ED,HYPERNETS,HYPERPRO,9,9,9,9,700,0.37,0.34,3.3,3.3,57.940798,44.532643,4.28
ED,HYPERPRO,HYPERNETS,9,9,9,9,700,0.84,0.88,-3.3,3.3,57.940798,44.532643,3.98
ED,TRIOS,HYPERPRO,7,7,7,7,380,0.92,0.98,-6.76,6.76,41.899219,40.923191,5.93
ED,HYPERPRO,TRIOS,7,7,7,7,380,0.87,0.82,6.76,6.76,41.899219,40.923191,6.33
ED,TRIOS,HYPERPRO,7,7,7,7,400,0.91,0.92,-1.51,1.51,17.017084,15.174257,1.57
ED,HYPERPRO,TRIOS,7,7,7,7,400,0.84,0.84,1.51,1.51,17.017084,15.174257,1.59
ED,TRIOS,HYPERPRO,7,7,7,7,412,0.86,0.89,-4.27,4.27,49.105764,46.254948,3.85
ED,HYPERPRO,TRIOS,7,7,7,7,412,0.87,0.84,4.27,4.27,49.105764,46.254948,4.03
ED,TRIOS,HYPERPRO,7,7,7,7,443,0.87,0.88,-2.83,2.83,40.40798,35.487275,2.57
ED,HYPERPRO,TRIOS,7,7,7,7,443,0.83,0.82,2.83,2.83,40.40798,35.487275,2.66
ED,TRIOS,HYPERPRO,7,7,7,7,490,0.89,0.9,-2.5,2.5,40.263744,34.180041,2.27
ED,HYPERPRO,TRIOS,7,7,7,7,490,0.77,0.76,2.5,2.5,40.263744,34.180041,2.35
ED,TRIOS,HYPERPRO,7,7,7,7,510,0.88,0.89,-1.67,1.67,31.338763,26.473739,1.77
ED,HYPERPRO,TRIOS,7,7,7,7,510,0.76,0.76,1.67,1.67,31.338763,26.473739,1.81
ED,TRIOS,HYPERPRO,7,7,7,7,560,0.92,0.92,-1.44,1.44,27.992085,24.217377,1.67
ED,HYPERPRO,TRIOS,7,7,7,7,560,0.71,0.71,1.44,1.44,27.992085,24.217377,1.7
ED,TRIOS,HYPERPRO,7,7,7,7,620,0.94,0.94,-1.63,1.63,28.20556,23.774867,1.75
ED,HYPERPRO,TRIOS,7,7,7,7,620,0.68,0.68,1.63,1.63,28.20556,23.774867,1.79
ED,TRIOS,HYPERPRO,7,7,7,7,673,1.01,1.01,-1.61,1.61,24.371014,21.302991,1.66
ED,HYPERPRO,TRIOS,7,7,7,7,673,0.62,0.62,1.61,1.61,24.371014,21.302991,1.7
ED,TRIOS,HYPERPRO,7,7,7,7,700,0.81,0.81,-1.56,1.56,22.102982,18.968016,1.65
ED,HYPERPRO,TRIOS,7,7,7,7,700,0.73,0.74,1.56,1.56,22.102982,18.968016,1.69
LD,HYPERNETS,TRIOS,55,34,34,34,380,0.97,1.02,-1.03,7.74,5.904647,4.926279,8
LD,TRIOS,HYPERNETS,55,34,34,34,380,0.72,0.71,1.03,7.74,5.904647,4.926279,7.87
LD,HYPERNETS,TRIOS,55,34,34,34,400,0.81,1,-19.98,19.98,16.191879,14.357785,16.2
LD,TRIOS,HYPERNETS,55,34,34,34,400,0.92,0.75,19.98,19.98,16.191879,14.357785,20.44
LD,HYPERNETS,TRIOS,55,34,34,34,412,0.89,0.98,-7.67,12.21,10.778564,9.457729,10.74
LD,TRIOS,HYPERNETS,55,34,34,34,412,0.86,0.76,7.67,12.21,10.778564,9.457729,11.98
LD,HYPERNETS,TRIOS,55,34,34,34,443,0.88,0.97,-9.55,14.55,11.722415,10.240563999999999,12.3
LD,TRIOS,HYPERNETS,55,34,34,34,443,0.93,0.8,9.55,14.55,11.722415,10.240563999999999,14.13
LD,HYPERNETS,TRIOS,55,34,34,34,490,0.89,0.98,-11.25,16.85,11.264711,9.723072,14
LD,TRIOS,HYPERNETS,55,34,34,34,490,0.99,0.83,11.25,16.85,11.264711,9.723072,16.4
LD,HYPERNETS,TRIOS,55,34,34,34,510,0.89,0.98,-13.48,17.59,11.399567,9.709999,15.22
LD,TRIOS,HYPERNETS,55,34,34,34,510,1.01,0.83,13.48,17.59,11.399567,9.709999,18.46
LD,HYPERNETS,TRIOS,55,34,34,34,560,0.91,0.98,-10.9,19.02,8.72948,7.302798,15.53
LD,TRIOS,HYPERNETS,55,34,34,34,560,1.01,0.86,10.9,19.02,8.72948,7.302798,18.23
LD,HYPERNETS,TRIOS,55,34,34,34,620,0.91,0.98,-9.7,19.54,7.403481,5.941839,16.48
LD,TRIOS,HYPERNETS,55,34,34,34,620,1.04,0.88,9.7,19.54,7.403481,5.941839,19.39
LD,HYPERNETS,TRIOS,55,34,34,34,673,0.92,0.97,-8,19.13,6.201508,4.688052,16.6
LD,TRIOS,HYPERNETS,55,34,34,34,673,1.03,0.89,8,19.13,6.201508,4.688052,18.95
LD,HYPERNETS,TRIOS,55,34,34,34,700,0.94,0.97,-6,19.37,4.978115,3.661234,16.81
LD,TRIOS,HYPERNETS,55,34,34,34,700,1.01,0.89,6,19.37,4.978115,3.661234,18.51
LU,HYPERNETS,TRIOS,55,46,46,46,380,0.95,0.92,8.03,8.16,0.851426,0.737747,9.98
LU,TRIOS,HYPERNETS,55,46,46,46,380,0.96,0.99,-8.03,8.16,0.851426,0.737747,8.87
LU,HYPERNETS,TRIOS,55,46,46,46,400,0.8,0.92,-10.52,10.8,1.656307,1.396258,10.54
LU,TRIOS,HYPERNETS,55,46,46,46,400,1.14,0.99,10.52,10.8,1.656307,1.396258,12.06
LU,HYPERNETS,TRIOS,55,46,46,46,412,0.89,0.91,1.14,2.96,1.097533,0.771392,5.89
LU,TRIOS,HYPERNETS,55,46,46,46,412,1.03,0.99,-1.14,2.96,1.097533,0.771392,5.67
LU,HYPERNETS,TRIOS,55,46,46,46,443,0.87,0.89,2.41,3.79,1.177825,0.854432,6.45
LU,TRIOS,HYPERNETS,55,46,46,46,443,1.03,1,-2.41,3.79,1.177825,0.854432,6.14
LU,HYPERNETS,TRIOS,55,46,46,46,490,0.8,0.84,1.94,3.32,1.060031,0.722666,6.77
LU,TRIOS,HYPERNETS,55,46,46,46,490,1.07,1.01,-1.94,3.32,1.060031,0.722666,6.57
LU,HYPERNETS,TRIOS,55,46,46,46,510,0.74,0.79,2.37,5.52,0.966924,0.677725,8.73
LU,TRIOS,HYPERNETS,55,46,46,46,510,1.11,1.02,-2.37,5.52,0.966924,0.677725,8.88
LU,HYPERNETS,TRIOS,55,46,46,46,560,0.71,0.79,-2.1,8.48,0.914414,0.641163,13.04
LU,TRIOS,HYPERNETS,55,46,46,46,560,1.07,0.94,2.1,8.48,0.914414,0.641163,14.71
LU,HYPERNETS,TRIOS,55,46,46,46,620,0.71,0.78,-7.5,16.95,0.880399,0.625328,21.24
LU,TRIOS,HYPERNETS,55,46,46,46,620,1.04,0.87,7.5,16.95,0.880399,0.625328,28.84
LU,HYPERNETS,TRIOS,55,46,46,46,673,0.72,0.77,-6.47,20.11,0.784148,0.558919,23.99
LU,TRIOS,HYPERNETS,55,46,46,46,673,1.02,0.88,6.47,20.11,0.784148,0.558919,30.82
LU,HYPERNETS,TRIOS,55,46,46,46,700,0.72,0.74,-2.01,29.38,0.65649,0.473836,26.59
LU,TRIOS,HYPERNETS,55,46,46,46,700,1.01,0.9,2.01,29.38,0.65649,0.473836,30.95
LW,HYPERNETS,TRIOS,55,39,39,39,380,0.72,0.76,-0.91,7.37,0.840568,0.620567,10.25
LW,TRIOS,HYPERNETS,55,39,39,39,380,1.13,1.05,0.91,7.37,0.840568,0.620567,9.97
LW,HYPERNETS,TRIOS,55,39,39,39,400,0.61,0.76,-20.45,20.45,2.367109,1.963008,16.81
LW,TRIOS,HYPERNETS,55,39,39,39,400,1.35,1.06,20.45,20.45,2.367109,1.963008,21.32
LW,HYPERNETS,TRIOS,55,39,39,39,412,0.68,0.76,-7.38,10.27,1.736506,1.389197,10.95
LW,TRIOS,HYPERNETS,55,39,39,39,412,1.23,1.08,7.38,10.27,1.736506,1.389197,12.08
LW,HYPERNETS,TRIOS,55,39,39,39,443,0.63,0.71,-6.43,9.85,1.770101,1.390334,10.66
LW,TRIOS,HYPERNETS,55,39,39,39,443,1.29,1.15,6.43,9.85,1.770101,1.390334,11.79
LW,HYPERNETS,TRIOS,55,39,39,39,490,0.51,0.61,-10.09,14.54,1.701541,1.321852,12.95
LW,TRIOS,HYPERNETS,55,39,39,39,490,1.54,1.3,10.09,14.54,1.701541,1.321852,15.16
LW,HYPERNETS,TRIOS,55,39,39,39,510,0.33,0.44,-10.85,17.32,1.678853,1.202609,18.31
LW,TRIOS,HYPERNETS,55,39,39,39,510,1.89,1.44,10.85,17.32,1.678853,1.202609,24.97
LW,HYPERNETS,TRIOS,55,39,39,39,560,0.16,0.28,-48.81,48.81,1.751902,1.25009,33.15
LW,TRIOS,HYPERNETS,55,39,39,39,560,3.47,1.97,48.81,48.81,1.751902,1.25009,67.37
LW,HYPERNETS,TRIOS,55,39,39,39,620,0.07,0.29,-424.1,424.1,1.703833,1.254782,74.61
LW,TRIOS,HYPERNETS,55,39,39,39,620,7.12,1.33,424.1,424.1,1.703833,1.254782,518.1
LW,HYPERNETS,TRIOS,55,39,39,39,673,0.05,0.31,-877.49,877.49,1.564699,1.137865,84.26
LW,TRIOS,HYPERNETS,55,39,39,39,673,8.07,0.67,877.49,877.49,1.564699,1.137865,1328.58
LW,HYPERNETS,TRIOS,55,39,39,39,700,0.04,0.16,-1010.78,1058.15,1.332622,0.95602,133.28
LW,TRIOS,HYPERNETS,55,39,39,39,700,8.63,0.56,1010.78,1058.15,1.332622,0.95602,1785.33
LW,HYPERNETS,HYPERPRO,9,8,8,8,380,0.48,0.46,13.29,13.29,1.038134,0.81395,14.87
LW,HYPERPRO,HYPERNETS,9,8,8,8,380,1.48,1.49,-13.29,13.29,1.038134,0.81395,11.91
LW,HYPERNETS,HYPERPRO,9,8,8,8,400,0.43,0.48,-3.02,10.53,1.443458,1.17593,10.04
LW,HYPERPRO,HYPERNETS,9,8,8,8,400,1.62,1.4,3.02,10.53,1.443458,1.17593,10.69
LW,HYPERNETS,HYPERPRO,9,8,8,8,412,0.48,0.51,3.66,9.59,1.361695,1.214389,10.11
LW,HYPERPRO,HYPERNETS,9,8,8,8,412,1.45,1.36,-3.66,9.59,1.361695,1.214389,9.56
LW,HYPERNETS,HYPERPRO,9,8,8,8,443,0.44,0.46,5.46,9.2,1.337539,1.222353,10.25
LW,HYPERPRO,HYPERNETS,9,8,8,8,443,1.5,1.43,-5.46,9.2,1.337539,1.222353,9.6
LW,HYPERNETS,HYPERPRO,9,8,8,8,490,0.26,0.28,2.47,10,1.012763,0.86885,9.27
LW,HYPERPRO,HYPERNETS,9,8,8,8,490,2.33,2.15,-2.47,10,1.012763,0.86885,9.54
LW,HYPERNETS,HYPERPRO,9,8,8,8,510,0.16,0.16,10.37,12.46,0.691835,0.656965,13.59
LW,HYPERPRO,HYPERNETS,9,8,8,8,510,4.56,4.5,-10.37,12.46,0.691835,0.656965,12.94
LW,HYPERNETS,HYPERPRO,9,8,8,8,560,0.08,0.1,8.78,14.15,0.44884,0.370682,15.84
LW,HYPERPRO,HYPERNETS,9,8,8,8,560,4.96,4.63,-8.78,14.15,0.44884,0.370682,17.93
LW,HYPERNETS,HYPERPRO,9,8,8,8,620,0.01,0.01,-52.26,52.26,0.362823,0.271413,35.05
LW,HYPERPRO,HYPERNETS,9,8,8,8,620,15.58,7.4,52.26,52.26,0.362823,0.271413,67.17
LW,HYPERNETS,HYPERPRO,9,8,8,8,673,-0.02,-0.05,-139.27,139.27,0.36266,0.276029,47.3
LW,HYPERPRO,HYPERNETS,9,8,8,8,673,-9.83,-5.19,139.27,139.27,0.36266,0.276029,149.39
LW,HYPERNETS,HYPERPRO,9,8,8,8,700,-0.02,-0.09,-233.92,233.92,0.324378,0.253293,58.59
LW,HYPERPRO,HYPERNETS,9,8,8,8,700,-14.72,-5.53,233.92,233.92,0.324378,0.253293,253.35
LW,TRIOS,HYPERPRO,7,7,7,7,380,0.82,0.78,0.87,1.73,0.299587,0.191591,3.43
LW,HYPERPRO,TRIOS,7,7,7,7,380,1.18,1.23,-0.87,1.73,0.299587,0.191591,3.12
LW,TRIOS,HYPERPRO,7,7,7,7,400,0.86,0.8,4.32,4.32,0.606244,0.509753,5.88
LW,HYPERPRO,TRIOS,7,7,7,7,400,1.12,1.19,-4.32,4.32,0.606244,0.509753,5.35
LW,TRIOS,HYPERPRO,7,7,7,7,412,0.84,0.81,0.63,1.4,0.445782,0.2915,2.82
LW,HYPERPRO,TRIOS,7,7,7,7,412,1.16,1.18,-0.63,1.4,0.445782,0.2915,2.63
LW,TRIOS,HYPERPRO,7,7,7,7,443,0.83,0.81,1.39,1.39,0.440401,0.297369,2.73
LW,HYPERPRO,TRIOS,7,7,7,7,443,1.15,1.17,-1.39,1.39,0.440401,0.297369,2.56
LW,TRIOS,HYPERPRO,7,7,7,7,490,0.7,0.72,-0.29,1.78,0.27626,0.201298,2.25
LW,HYPERPRO,TRIOS,7,7,7,7,490,1.12,1.1,0.29,1.78,0.27626,0.201298,2.21
LW,TRIOS,HYPERPRO,7,7,7,7,510,0.37,0.37,3.88,3.88,0.265508,0.197802,4.07
LW,HYPERPRO,TRIOS,7,7,7,7,510,0.58,0.61,-3.88,3.88,0.265508,0.197802,3.79
LW,TRIOS,HYPERPRO,7,7,7,7,560,0.43,0.37,15.58,15.58,0.305633,0.286099,15.65
LW,HYPERPRO,TRIOS,7,7,7,7,560,0.2,0.26,-15.58,15.58,0.305633,0.286099,13.31
LW,TRIOS,HYPERPRO,7,7,7,7,620,-0.07,-0.03,144.59,144.59,0.245745,0.240424,159.31
LW,HYPERPRO,TRIOS,7,7,7,7,620,-0.35,-1,-144.59,144.59,0.245745,0.240424,58.77
LW,TRIOS,HYPERPRO,7,7,7,7,673,-0.03,0,213.64,213.64,0.130188,0.127208,235.29
LW,HYPERPRO,TRIOS,7,7,7,7,673,-0.07,0.08,-213.64,213.64,0.130188,0.127208,66.76
LW,TRIOS,HYPERPRO,7,7,7,7,700,-0.13,-0.06,179.05,179.05,0.067081,0.064877,203.45
LW,HYPERPRO,TRIOS,7,7,7,7,700,-0.46,-1.31,-179.05,179.05,0.067081,0.064877,62.97
RHOW,HYPERNETS,TRIOS,57,56,56,56,380,0.82,0.76,5.54,6.87,0.003801,0.002886,10.71
RHOW,TRIOS,HYPERNETS,57,56,56,56,380,0.86,0.87,-5.54,6.87,0.003801,0.002886,9.13
RHOW,HYPERNETS,TRIOS,57,56,56,56,400,0.81,0.79,-0.82,3.87,0.002864,0.002076,7.03
RHOW,TRIOS,HYPERNETS,57,56,56,56,400,0.93,0.89,0.82,3.87,0.002864,0.002076,6.58
RHOW,HYPERNETS,TRIOS,57,56,56,56,412,0.81,0.81,-1.05,4.45,0.002691,0.001979,6.64
RHOW,TRIOS,HYPERNETS,57,56,56,56,412,0.95,0.9,1.05,4.45,0.002691,0.001979,6.29
RHOW,HYPERNETS,TRIOS,57,56,56,56,443,0.76,0.74,-0.24,4.28,0.002243,0.001638,6.2
RHOW,TRIOS,HYPERNETS,57,56,56,56,443,0.96,0.92,0.24,4.28,0.002243,0.001638,5.83
RHOW,HYPERNETS,TRIOS,57,56,56,56,490,0.52,0.48,-0.83,4.53,0.00149,0.001114,6.2
RHOW,TRIOS,HYPERNETS,57,56,56,56,490,1.07,1.05,0.83,4.53,0.00149,0.001114,5.82
RHOW,HYPERNETS,TRIOS,57,56,56,56,510,0.4,0.35,1.02,6.21,0.001109,8.26e-4,8.61
RHOW,TRIOS,HYPERNETS,57,56,56,56,510,1.25,1.3,-1.02,6.21,0.001109,8.26e-4,7.72
RHOW,HYPERNETS,TRIOS,57,56,56,56,560,0.41,0.44,-12.72,15.03,9.65e-4,7.55e-4,14.21
RHOW,TRIOS,HYPERNETS,57,56,56,56,560,1.51,1.34,12.72,15.03,9.65e-4,7.55e-4,16.91
RHOW,HYPERNETS,TRIOS,57,56,56,56,620,0.43,0.75,-100.98,100.98,9.04e-4,7.12e-4,47.27
RHOW,TRIOS,HYPERNETS,57,56,56,56,620,1.63,0.77,100.98,100.98,9.04e-4,7.12e-4,108.6
RHOW,HYPERNETS,TRIOS,57,56,56,56,673,0.41,0.92,-146.35,146.35,7.53e-4,5.88e-4,58.36
RHOW,TRIOS,HYPERNETS,57,56,56,56,673,1.71,0.53,146.35,146.35,7.53e-4,5.88e-4,254.38
RHOW,HYPERNETS,TRIOS,57,56,56,56,700,0.4,0.6,-131.54,141.96,5.91e-4,4.37e-4,87.75
RHOW,TRIOS,HYPERNETS,57,56,56,56,700,1.68,0.56,131.54,141.96,5.91e-4,4.37e-4,242
RHOW,HYPERNETS,HYPERPRO,11,11,11,11,380,0.66,0.58,21.59,21.59,0.006821,0.006192,23.82
RHOW,HYPERPRO,HYPERNETS,11,11,11,11,380,1.02,1.12,-21.59,21.59,0.006821,0.006192,18.33
RHOW,HYPERNETS,HYPERPRO,11,11,11,11,400,0.64,0.62,13.42,13.42,0.004609,0.003622,12.95
RHOW,HYPERPRO,HYPERNETS,11,11,11,11,400,1.07,1.1,-13.42,13.42,0.004609,0.003622,10.69
RHOW,HYPERNETS,HYPERPRO,11,11,11,11,412,0.66,0.65,12.03,12.03,0.003854,0.002943,10.48
RHOW,HYPERPRO,HYPERNETS,11,11,11,11,412,1.11,1.14,-12.03,12.03,0.003854,0.002943,8.89
RHOW,HYPERNETS,HYPERPRO,11,11,11,11,443,0.62,0.62,10.83,10.83,0.002995,0.002316,9.13
RHOW,HYPERPRO,HYPERNETS,11,11,11,11,443,1.12,1.14,-10.83,10.83,0.002995,0.002316,7.93
RHOW,HYPERNETS,HYPERPRO,11,11,11,11,490,0.3,0.29,8.56,8.56,0.001595,0.001345,7.68
RHOW,HYPERPRO,HYPERNETS,11,11,11,11,490,1.88,1.89,-8.56,8.56,0.001595,0.001345,6.98
RHOW,HYPERNETS,HYPERPRO,11,11,11,11,510,0.12,0.1,15.52,15.52,0.001578,0.001264,14.04
RHOW,HYPERPRO,HYPERNETS,11,11,11,11,510,6.04,6.78,-15.52,15.52,0.001578,0.001264,11.47
RHOW,HYPERNETS,HYPERPRO,11,11,11,11,560,0.23,0.21,13.1,13.1,6.24e-4,5.11e-4,13.52
RHOW,HYPERPRO,HYPERNETS,11,11,11,11,560,3.17,3.54,-13.1,13.1,6.24e-4,5.11e-4,11.27
RHOW,HYPERNETS,HYPERPRO,11,11,11,11,620,0,0,19.78,31.59,2.78e-4,2.42e-4,37.47
RHOW,HYPERPRO,HYPERNETS,11,11,11,11,620,NA,NA,-19.78,31.59,2.78e-4,2.42e-4,25.67
RHOW,HYPERNETS,HYPERPRO,11,11,11,11,673,0.02,-0.04,-36.56,44.13,2.36e-4,2.03e-4,53.88
RHOW,HYPERPRO,HYPERNETS,11,11,11,11,673,0.05,-0.1,36.56,44.13,2.36e-4,2.03e-4,41.32
RHOW,HYPERNETS,HYPERPRO,11,11,11,11,700,-0,-0,-19.46,28.76,1.7e-4,1.38e-4,74.06
RHOW,HYPERPRO,HYPERNETS,11,11,11,11,700,NA,NA,19.46,28.76,1.7e-4,1.38e-4,43.86
RHOW,TRIOS,HYPERPRO,12,12,12,12,380,0.73,0.67,6.42,7.35,0.002805,0.002602,8.46
RHOW,HYPERPRO,TRIOS,12,12,12,12,380,0.93,1.09,-6.42,7.35,0.002805,0.002602,8.08
RHOW,TRIOS,HYPERPRO,12,12,12,12,400,0.73,0.69,4.68,5.42,0.002651,0.002276,7.15
RHOW,HYPERPRO,TRIOS,12,12,12,12,400,0.88,1,-4.68,5.42,0.002651,0.002276,7.1
RHOW,TRIOS,HYPERPRO,12,12,12,12,412,0.72,0.68,3.51,4.54,0.002539,0.002006,6.34
RHOW,HYPERPRO,TRIOS,12,12,12,12,412,0.87,0.98,-3.51,4.54,0.002539,0.002006,6.44
RHOW,TRIOS,HYPERPRO,12,12,12,12,443,0.71,0.68,3.18,3.69,0.002151,0.001646,5.82
RHOW,HYPERPRO,TRIOS,12,12,12,12,443,0.72,0.79,-3.18,3.69,0.002151,0.001646,6.05
RHOW,TRIOS,HYPERPRO,12,12,12,12,490,0.34,0.32,1.17,3.03,0.001404,9.36e-4,4.88
RHOW,HYPERPRO,TRIOS,12,12,12,12,490,0.2,0.18,-1.17,3.03,0.001404,9.36e-4,5.34
RHOW,TRIOS,HYPERPRO,12,12,12,12,510,-0.29,-0.31,5.57,6.21,8.27e-4,7.19e-4,6.84
RHOW,HYPERPRO,TRIOS,12,12,12,12,510,-0.09,-0.09,-5.57,6.21,8.27e-4,7.19e-4,6.83
RHOW,TRIOS,HYPERPRO,12,12,12,12,560,-0.26,-0.22,16.7,16.7,6.51e-4,6.03e-4,15.17
RHOW,HYPERPRO,TRIOS,12,12,12,12,560,-0.13,-0.14,-16.7,16.7,6.51e-4,6.03e-4,12.97
RHOW,TRIOS,HYPERPRO,12,12,12,12,620,0.88,0.33,152.59,152.59,5.8e-4,5.73e-4,154.73
RHOW,HYPERPRO,TRIOS,12,12,12,12,620,0.83,1.75,-152.59,152.59,5.8e-4,5.73e-4,58.43
RHOW,TRIOS,HYPERPRO,12,12,12,12,673,1.06,0.46,217.1,217.1,3.2e-4,2.98e-4,213.85
RHOW,HYPERPRO,TRIOS,12,12,12,12,673,0.56,1.08,-217.1,217.1,3.2e-4,2.98e-4,63.45
RHOW,TRIOS,HYPERPRO,12,12,12,12,700,1.37,0.44,250.05,250.05,2.41e-4,2.31e-4,232.57
RHOW,HYPERPRO,TRIOS,12,12,12,12,700,0.66,1.53,-250.05,250.05,2.41e-4,2.31e-4,65.84
RHOW,HYPERNETS,PACE_V2,27,27,27,27,380,0.69,0.68,-0.63,10.16,0.005279,0.003938,13.85
RHOW,PACE_V2,HYPERNETS,27,27,27,27,380,0.63,0.56,0.63,10.16,0.005279,0.003938,14.61
RHOW,HYPERNETS,PACE_V2,27,27,27,27,400,0.67,0.66,0.04,6.91,0.004792,0.003574,11.35
RHOW,PACE_V2,HYPERNETS,27,27,27,27,400,0.73,0.69,-0.04,6.91,0.004792,0.003574,11.39
RHOW,HYPERNETS,PACE_V2,27,27,27,27,412,0.66,0.66,-0.65,7.08,0.004533,0.003434,10.68
RHOW,PACE_V2,HYPERNETS,27,27,27,27,412,0.76,0.72,0.65,7.08,0.004533,0.003434,10.9
RHOW,HYPERNETS,PACE_V2,27,27,27,27,443,0.54,0.53,0.9,6.93,0.003569,0.002731,9.64
RHOW,PACE_V2,HYPERNETS,27,27,27,27,443,0.73,0.71,-0.9,6.93,0.003569,0.002731,9.4
RHOW,HYPERNETS,PACE_V2,27,27,27,27,490,0.03,0.01,4.06,7.58,0.002578,0.002016,10.86
RHOW,PACE_V2,HYPERNETS,27,27,27,27,490,0.07,0.02,-4.06,7.58,0.002578,0.002016,9.81
RHOW,HYPERNETS,PACE_V2,27,27,27,27,510,-0.12,-0.14,3.76,11.87,0.001898,0.001514,15.32
RHOW,PACE_V2,HYPERNETS,27,27,27,27,510,-0.31,-0.33,-3.76,11.87,0.001898,0.001514,13.52
RHOW,HYPERNETS,PACE_V2,27,27,27,27,560,-0.05,-0.07,-3.47,18.84,0.001247,0.001024,21.65
RHOW,PACE_V2,HYPERNETS,27,27,27,27,560,-0.28,-0.29,3.47,18.84,0.001247,0.001024,21.15
RHOW,HYPERNETS,PACE_V2,27,27,27,24,620,0.01,-0.24,-162.09,162.09,0.001168,8.69e-4,54.28
RHOW,PACE_V2,HYPERNETS,27,27,27,24,620,0.08,-0.03,162.09,162.09,0.001168,8.69e-4,17665.69
RHOW,HYPERNETS,PACE_V2,27,27,27,25,673,-0.01,-0.14,-161.74,161.74,9.32e-4,6.76e-4,56.64
RHOW,PACE_V2,HYPERNETS,27,27,27,25,673,-0.31,-0.2,161.74,161.74,9.32e-4,6.76e-4,353.55
RHOW,HYPERNETS,PACE_V2,27,27,27,16,700,0.14,0.32,-67.36,84.49,6.04e-4,3.86e-4,57.39
RHOW,PACE_V2,HYPERNETS,27,27,27,16,700,2.93,1.22,67.36,84.49,6.04e-4,3.86e-4,97.94
RHOW,HYPERNETS,PACE_V30,33,31,31,31,380,1.15,1.29,7.86,21.4,0.007899,0.006732,23.73
RHOW,PACE_V30,HYPERNETS,33,31,31,31,380,0.39,0.3,-7.86,21.4,0.007899,0.006732,33.64
RHOW,HYPERNETS,PACE_V30,33,31,31,31,400,1.08,1.17,4.67,16.79,0.006289,0.00542,17.52
RHOW,PACE_V30,HYPERNETS,33,31,31,31,400,0.52,0.44,-4.67,16.79,0.006289,0.00542,21.42
RHOW,HYPERNETS,PACE_V30,33,31,31,31,412,1.06,1.17,1.05,13.97,0.005949,0.004825,15.55
RHOW,PACE_V30,HYPERNETS,33,31,31,31,412,0.56,0.48,-1.05,13.97,0.005949,0.004825,19.86
RHOW,HYPERNETS,PACE_V30,33,31,31,31,443,1.03,1.16,-0.9,8.99,0.004487,0.003509,12.58
RHOW,PACE_V30,HYPERNETS,33,31,31,31,443,0.57,0.5,0.9,8.99,0.004487,0.003509,15.6
RHOW,HYPERNETS,PACE_V30,33,31,31,31,490,0.91,1.07,-6.03,10.86,0.003038,0.002354,12.1
RHOW,PACE_V30,HYPERNETS,33,31,31,31,490,0.34,0.31,6.03,10.86,0.003038,0.002354,14.95
RHOW,HYPERNETS,PACE_V30,33,31,31,31,510,0.3,0.4,-11,13.87,0.002483,0.00194,17.76
RHOW,PACE_V30,HYPERNETS,33,31,31,31,510,0.12,0.09,11,13.87,0.002483,0.00194,24.84
RHOW,HYPERNETS,PACE_V30,33,31,31,31,560,0.14,0.22,-29.27,29.27,0.001719,0.001365,25.97
RHOW,PACE_V30,HYPERNETS,33,31,31,31,560,0.15,0.1,29.27,29.27,0.001719,0.001365,43.23
RHOW,HYPERNETS,PACE_V30,33,31,31,22,620,0.11,0.21,-79.95,79.95,8.94e-4,6.98e-4,48.14
RHOW,PACE_V30,HYPERNETS,33,31,31,22,620,0.52,0.06,79.95,79.95,8.94e-4,6.98e-4,271.6
RHOW,HYPERNETS,PACE_V30,33,31,31,19,673,0.04,0,-232.38,232.38,8.88e-4,6.8e-4,57.97
RHOW,PACE_V30,HYPERNETS,33,31,31,19,673,1.16,0,232.38,232.38,8.88e-4,6.8e-4,327.66
RHOW,HYPERNETS,PACE_V30,33,31,31,12,700,0.05,0.29,-328.71,328.71,8.72e-4,6.41e-4,64.83
RHOW,PACE_V30,HYPERNETS,33,31,31,12,700,8.55,1.99,328.71,328.71,8.72e-4,6.41e-4,354.98
RHOW,HYPERNETS,PACE_V31,32,32,32,32,380,0.55,0.36,22.73,29.74,0.009218,0.008379,29.14
RHOW,PACE_V31,HYPERNETS,32,32,32,32,380,0.31,0.25,-22.73,29.74,0.009218,0.008379,24.67
RHOW,HYPERNETS,PACE_V31,32,32,32,32,400,0.58,0.45,16.64,20.14,0.007648,0.0068780000000000004,21.8
RHOW,PACE_V31,HYPERNETS,32,32,32,32,400,0.43,0.42,-16.64,20.14,0.007648,0.0068780000000000004,18.82
RHOW,HYPERNETS,PACE_V31,32,32,32,32,412,0.59,0.48,11.46,17.01,0.006517,0.005751,17.97
RHOW,PACE_V31,HYPERNETS,32,32,32,32,412,0.46,0.44,-11.46,17.01,0.006517,0.005751,16.7
RHOW,HYPERNETS,PACE_V31,32,32,32,32,443,0.47,0.4,6.69,13.58,0.004751,0.004018,14
RHOW,PACE_V31,HYPERNETS,32,32,32,32,443,0.39,0.36,-6.69,13.58,0.004751,0.004018,13.57
RHOW,HYPERNETS,PACE_V31,32,32,32,32,490,-0.12,-0.17,5.02,13.23,0.003227,0.002609,13.51
RHOW,PACE_V31,HYPERNETS,32,32,32,32,490,-0.09,-0.13,-5.02,13.23,0.003227,0.002609,13.19
RHOW,HYPERNETS,PACE_V31,32,32,32,32,510,-0.33,-0.37,5.85,19.35,0.002563,0.002026,19.45
RHOW,PACE_V31,HYPERNETS,32,32,32,32,510,-0.3,-0.31,-5.85,19.35,0.002563,0.002026,19.06
RHOW,HYPERNETS,PACE_V31,32,32,32,32,560,-0.19,-0.24,-3.63,24.24,0.001736,0.001292,25.4
RHOW,PACE_V31,HYPERNETS,32,32,32,32,560,-0.41,-0.35,3.63,24.24,0.001736,0.001292,30.03
RHOW,HYPERNETS,PACE_V31,32,32,32,31,620,-0.01,-0.06,-19.48,83.16,0.001017,7.7e-4,63.26
RHOW,PACE_V31,HYPERNETS,32,32,32,31,620,-0.02,-0.02,19.48,83.16,0.001017,7.7e-4,246.49
RHOW,HYPERNETS,PACE_V31,32,32,32,29,673,-0.03,-0.12,-52.29,98.02,8.56e-4,6.21e-4,71.93
RHOW,PACE_V31,HYPERNETS,32,32,32,29,673,-0.25,-0.2,52.29,98.02,8.56e-4,6.21e-4,190.15
RHOW,HYPERNETS,PACE_V31,32,32,32,28,700,0.09,0.11,-73,153.24,6.21e-4,4.73e-4,83.88
RHOW,PACE_V31,HYPERNETS,32,32,32,28,700,0.62,0.11,73,153.24,6.21e-4,4.73e-4,206.25
RHOW,TRIOS,PACE_V2,31,31,31,31,380,0.85,0.87,-5.12,6.13,0.005267,0.003445,10.93
RHOW,PACE_V2,TRIOS,31,31,31,31,380,0.71,0.64,5.12,6.13,0.005267,0.003445,14.69
RHOW,TRIOS,PACE_V2,31,31,31,31,400,0.87,0.83,0.97,4.89,0.003421,0.002366,7.58
RHOW,PACE_V2,TRIOS,31,31,31,31,400,0.82,0.83,-0.97,4.89,0.003421,0.002366,8.26
RHOW,TRIOS,PACE_V2,31,31,31,31,412,0.86,0.83,0.73,4.12,0.003114,0.002162,6.97
RHOW,PACE_V2,TRIOS,31,31,31,31,412,0.85,0.86,-0.73,4.12,0.003114,0.002162,7.45
RHOW,TRIOS,PACE_V2,31,31,31,31,443,0.85,0.81,1.59,3.72,0.002082,0.001513,5.5
RHOW,PACE_V2,TRIOS,31,31,31,31,443,0.89,0.9,-1.59,3.72,0.002082,0.001513,5.45
RHOW,TRIOS,PACE_V2,31,31,31,31,490,0.75,0.72,4.81,5.8,0.001737,0.001421,7.49
RHOW,PACE_V2,TRIOS,31,31,31,31,490,0.5,0.5,-4.81,5.8,0.001737,0.001421,6.96
RHOW,TRIOS,PACE_V2,31,31,31,31,510,0.31,0.35,3.2,8.19,0.001241,0.001005,9.54
RHOW,PACE_V2,TRIOS,31,31,31,31,510,0.1,0.1,-3.2,8.19,0.001241,0.001005,9.42
RHOW,TRIOS,PACE_V2,31,31,31,31,560,-0.22,-0.21,13.29,20.39,9.85e-4,8.43e-4,20.63
RHOW,PACE_V2,TRIOS,31,31,31,31,560,-0.15,-0.15,-13.29,20.39,9.85e-4,8.43e-4,17.74
RHOW,TRIOS,PACE_V2,31,31,31,25,620,0.05,-0.45,-19.09,77.76,4.3e-4,3.46e-4,65.88
RHOW,PACE_V2,TRIOS,31,31,31,25,620,0.08,-0.06,19.09,77.76,4.3e-4,3.46e-4,10339.56
RHOW,TRIOS,PACE_V2,31,31,31,26,673,-0.03,-0.12,-5.62,172.81,3.05e-4,2.59e-4,218.05
RHOW,PACE_V2,TRIOS,31,31,31,26,673,-0.12,-0.34,5.62,172.81,3.05e-4,2.59e-4,138.24
RHOW,TRIOS,PACE_V2,31,31,31,17,700,0.31,0.1,12.76,89.42,2.04e-4,1.7e-4,315.75
RHOW,PACE_V2,TRIOS,31,31,31,17,700,0.84,0.57,-12.76,89.42,2.04e-4,1.7e-4,71.59
RHOW,TRIOS,PACE_V30,38,36,36,36,380,0.91,0.9,1.94,15.59,0.008487,0.006619,22.54
RHOW,PACE_V30,TRIOS,38,36,36,36,380,0.38,0.26,-1.94,15.59,0.008487,0.006619,35.7
RHOW,TRIOS,PACE_V30,38,36,36,36,400,0.96,0.91,5.37,13.2,0.006188,0.00533,17.96
RHOW,PACE_V30,TRIOS,38,36,36,36,400,0.5,0.42,-5.37,13.2,0.006188,0.00533,21.57
RHOW,TRIOS,PACE_V30,38,36,36,36,412,0.96,0.95,2.51,11.58,0.005766,0.004663,15.74
RHOW,PACE_V30,TRIOS,38,36,36,36,412,0.55,0.46,-2.51,11.58,0.005766,0.004663,19.66
RHOW,TRIOS,PACE_V30,38,36,36,36,443,0.98,1.01,-0.13,5.74,0.004221,0.003151,11.77
RHOW,PACE_V30,TRIOS,38,36,36,36,443,0.56,0.48,0.13,5.74,0.004221,0.003151,14.55
RHOW,TRIOS,PACE_V30,38,36,36,36,490,1.1,1.2,-3.05,6.77,0.002754,0.002059,10.9
RHOW,PACE_V30,TRIOS,38,36,36,36,490,0.31,0.27,3.05,6.77,0.002754,0.002059,13.45
RHOW,TRIOS,PACE_V30,38,36,36,36,510,0.55,0.7,-12.87,12.87,0.002536,0.00194,17.76
RHOW,PACE_V30,TRIOS,38,36,36,36,510,0.09,0.07,12.87,12.87,0.002536,0.00194,25.86
RHOW,TRIOS,PACE_V30,38,36,36,36,560,-0,0.01,-17.48,20.84,0.001285,0.001022,22.86
RHOW,PACE_V30,TRIOS,38,36,36,36,560,-0,0,17.48,20.84,0.001285,0.001022,34.4
RHOW,TRIOS,PACE_V30,38,36,36,24,620,0.14,0.21,2.83,93.37,4.4e-4,3.77e-4,89.56
RHOW,PACE_V30,TRIOS,38,36,36,24,620,0.16,0.05,-2.83,93.37,4.4e-4,3.77e-4,216.64
RHOW,TRIOS,PACE_V30,38,36,36,19,673,0.03,-0.09,-31.79,152.45,3.05e-4,2.56e-4,218.13
RHOW,PACE_V30,TRIOS,38,36,36,19,673,0.14,-0.4,31.79,152.45,3.05e-4,2.56e-4,134.24
RHOW,TRIOS,PACE_V30,38,36,36,10,700,0.15,0.21,-108.99,203.21,3.01e-4,2.39e-4,156.46
RHOW,PACE_V30,TRIOS,38,36,36,10,700,3.32,2.03,108.99,203.21,3.01e-4,2.39e-4,158.63
RHOW,TRIOS,PACE_V31,37,37,37,37,380,0.66,0.48,17.45,19.83,0.007072,0.006516,21.37
RHOW,PACE_V31,TRIOS,37,37,37,37,380,0.42,0.41,-17.45,19.83,0.007072,0.006516,20.15
RHOW,TRIOS,PACE_V31,37,37,37,37,400,0.74,0.57,17.95,19.53,0.006454,0.006115,19.64
RHOW,PACE_V31,TRIOS,37,37,37,37,400,0.58,0.66,-17.95,19.53,0.006454,0.006115,16.96
RHOW,TRIOS,PACE_V31,37,37,37,37,412,0.76,0.61,12.79,15.76,0.00535,0.005039,16.09
RHOW,PACE_V31,TRIOS,37,37,37,37,412,0.61,0.67,-12.79,15.76,0.00535,0.005039,14.76
RHOW,TRIOS,PACE_V31,37,37,37,37,443,0.76,0.66,7.39,11.1,0.003565,0.003257,11.51
RHOW,PACE_V31,TRIOS,37,37,37,37,443,0.59,0.62,-7.39,11.1,0.003565,0.003257,11.11
RHOW,TRIOS,PACE_V31,37,37,37,37,490,0.58,0.51,7.01,11.18,0.002342,0.002039,10.47
RHOW,PACE_V31,TRIOS,37,37,37,37,490,0.2,0.19,-7.01,11.18,0.002342,0.002039,10.15
RHOW,TRIOS,PACE_V31,37,37,37,37,510,-0.08,-0.09,7.35,13.75,0.001815,0.001523,14.04
RHOW,PACE_V31,TRIOS,37,37,37,37,510,-0.02,-0.02,-7.35,13.75,0.001815,0.001523,14.3
RHOW,TRIOS,PACE_V31,37,37,37,37,560,-0.29,-0.28,14.42,25.49,0.001236,0.001043,24.53
RHOW,PACE_V31,TRIOS,37,37,37,37,560,-0.13,-0.12,-14.42,25.49,0.001236,0.001043,22.23
RHOW,TRIOS,PACE_V31,37,37,37,37,620,-0.37,-0.57,75.71,131.11,8.65e-4,7.09e-4,143.19
RHOW,PACE_V31,TRIOS,37,37,37,37,620,-0.26,-0.19,-75.71,131.11,8.65e-4,7.09e-4,325.91
RHOW,TRIOS,PACE_V31,37,37,37,33,673,-0.18,-0.16,77.28,104.17,5.44e-4,4.42e-4,377.24
RHOW,PACE_V31,TRIOS,37,37,37,33,673,-0.22,-0.29,-77.28,104.17,5.44e-4,4.42e-4,162.6
RHOW,TRIOS,PACE_V31,37,37,37,30,700,0.38,0.19,50.63,117.28,2.9e-4,2.4e-4,339.78
RHOW,PACE_V31,TRIOS,37,37,37,30,700,0.31,0.23,-50.63,117.28,2.9e-4,2.4e-4,76.48
RHOW,HYPERPRO,PACE_V2,5,5,5,5,380,0.3,0.37,-13.28,13.28,0.008676,0.006481,18.51
RHOW,PACE_V2,HYPERPRO,5,5,5,5,380,0.22,0.21,13.28,13.28,0.008676,0.006481,27.85
RHOW,HYPERPRO,PACE_V2,5,5,5,5,400,0.37,0.4,0.35,2.15,0.005645,0.003523,9.7
RHOW,PACE_V2,HYPERPRO,5,5,5,5,400,0.35,0.37,-0.35,2.15,0.005645,0.003523,12.89
RHOW,HYPERPRO,PACE_V2,5,5,5,5,412,0.37,0.38,1.85,4.4,0.005036,0.003351,9.55
RHOW,PACE_V2,HYPERPRO,5,5,5,5,412,0.35,0.37,-1.85,4.4,0.005036,0.003351,12.04
RHOW,HYPERPRO,PACE_V2,5,5,5,5,443,0.44,0.44,3.08,4.37,0.003172,0.002303,7.62
RHOW,PACE_V2,HYPERPRO,5,5,5,5,443,0.4,0.43,-3.08,4.37,0.003172,0.002303,8.7
RHOW,HYPERPRO,PACE_V2,5,5,5,5,490,-0.38,-0.38,1.72,9.28,0.001857,0.001502,7.68
RHOW,PACE_V2,HYPERPRO,5,5,5,5,490,-0.05,-0.06,-1.72,9.28,0.001857,0.001502,7.73
RHOW,HYPERPRO,PACE_V2,5,5,5,5,510,-4.74,-5.18,-8.05,9.73,0.001506,0.00127,11.37
RHOW,PACE_V2,HYPERPRO,5,5,5,5,510,-0.07,-0.07,8.05,9.73,0.001506,0.00127,13.2
RHOW,HYPERPRO,PACE_V2,5,5,5,5,560,-2.19,-2.32,-1.58,21.55,8.59e-4,7.18e-4,15.23
RHOW,PACE_V2,HYPERPRO,5,5,5,5,560,-0.19,-0.17,1.58,21.55,8.59e-4,7.18e-4,17.48
RHOW,HYPERPRO,PACE_V2,5,5,5,3,620,NA,NA,-89.94,89.94,4.66e-4,4.21e-4,44.69
RHOW,PACE_V2,HYPERPRO,5,5,5,3,620,-0,-0,89.94,89.94,4.66e-4,4.21e-4,112.1
RHOW,HYPERPRO,PACE_V2,5,5,5,3,673,-0.33,-0.39,0.88,55.06,2.15e-4,1.68e-4,36.1
RHOW,PACE_V2,HYPERPRO,5,5,5,3,673,-1,-0.89,-0.88,55.06,2.15e-4,1.68e-4,48.76
RHOW,HYPERPRO,PACE_V2,5,5,5,2,700,NA,NA,-63.36,63.36,1.3e-4,1.09e-4,34.64
RHOW,PACE_V2,HYPERPRO,5,5,5,2,700,-0,0,63.36,63.36,1.3e-4,1.09e-4,74.41
RHOW,HYPERPRO,PACE_V30,5,4,4,4,380,0.2,0.14,-5.27,5.53,0.010457,0.006255,17.26
RHOW,PACE_V30,HYPERPRO,5,4,4,4,380,0.07,0.04,5.27,5.53,0.010457,0.006255,34.26
RHOW,HYPERPRO,PACE_V30,5,4,4,4,400,0.41,0.41,0.68,5.18,0.007739,0.004849,13.14
RHOW,PACE_V30,HYPERPRO,5,4,4,4,400,0.19,0.18,-0.68,5.18,0.007739,0.004849,19.83
RHOW,HYPERPRO,PACE_V30,5,4,4,4,412,0.55,0.59,-3.83,7.02,0.007333,0.004673,13.34
RHOW,PACE_V30,HYPERPRO,5,4,4,4,412,0.24,0.24,3.83,7.02,0.007333,0.004673,19.69
RHOW,HYPERPRO,PACE_V30,5,4,4,4,443,0.63,0.68,-5.29,6.45,0.005253,0.003325,11.08
RHOW,PACE_V30,HYPERPRO,5,4,4,4,443,0.27,0.27,5.29,6.45,0.005253,0.003325,15.15
RHOW,HYPERPRO,PACE_V30,5,4,4,4,490,-0.23,-0.32,-4.13,6.56,0.00271,0.001878,9.56
RHOW,PACE_V30,HYPERPRO,5,4,4,4,490,-0.02,-0.03,4.13,6.56,0.00271,0.001878,11.89
RHOW,HYPERPRO,PACE_V30,5,4,4,4,510,-4.89,-6.4,-11.03,11.03,0.002281,0.001719,15.3
RHOW,PACE_V30,HYPERPRO,5,4,4,4,510,-0.06,-0.05,11.03,11.03,0.002281,0.001719,21.59
RHOW,HYPERPRO,PACE_V30,5,4,4,4,560,0.74,0.8,-7.92,7.92,0.001123,7.6e-4,16.02
RHOW,PACE_V30,HYPERPRO,5,4,4,4,560,0.04,0.02,7.92,7.92,0.001123,7.6e-4,26.31
RHOW,HYPERPRO,PACE_V30,5,4,4,3,620,NA,NA,-13.88,13.88,2.63e-4,1.88e-4,19.89
RHOW,PACE_V30,HYPERPRO,5,4,4,3,620,0,-0,13.88,13.88,2.63e-4,1.88e-4,34.21
RHOW,HYPERPRO,PACE_V30,5,4,4,2,673,-0.31,-0.42,-30.48,63.36,2.42e-4,2.06e-4,39.14
RHOW,PACE_V30,HYPERPRO,5,4,4,2,673,-3.19,-2.4,30.48,63.36,2.42e-4,2.06e-4,66.64
RHOW,HYPERPRO,PACE_V30,5,4,4,1,700,NA,NA,NA,NA,NA,NA,NA
RHOW,PACE_V30,HYPERPRO,5,4,4,1,700,NA,NA,NA,NA,NA,NA,NA
RHOW,HYPERPRO,PACE_V31,5,5,5,5,380,0.21,0.18,6.56,8.02,0.008287,0.005835,16.37
RHOW,PACE_V31,HYPERPRO,5,5,5,5,380,0.07,0.06,-6.56,8.02,0.008287,0.005835,23.47
RHOW,HYPERPRO,PACE_V31,5,5,5,5,400,0.46,0.45,10.79,11.38,0.006729,0.00568,16.13
RHOW,PACE_V31,HYPERPRO,5,5,5,5,400,0.18,0.2,-10.79,11.38,0.006729,0.00568,18.21
RHOW,HYPERPRO,PACE_V31,5,5,5,5,412,0.58,0.61,8.29,8.45,0.006115,0.004625,13.01
RHOW,PACE_V31,HYPERPRO,5,5,5,5,412,0.22,0.25,-8.29,8.45,0.006115,0.004625,15.38
RHOW,HYPERPRO,PACE_V31,5,5,5,5,443,0.66,0.71,4.77,5.36,0.004298,0.003253,10.72
RHOW,PACE_V31,HYPERPRO,5,5,5,5,443,0.24,0.25,-4.77,5.36,0.004298,0.003253,12.38
RHOW,HYPERPRO,PACE_V31,5,5,5,5,490,-0.39,-0.4,6.22,7.63,0.002435,0.002058,10.53
RHOW,PACE_V31,HYPERPRO,5,5,5,5,490,-0.03,-0.03,-6.22,7.63,0.002435,0.002058,10.83
RHOW,HYPERPRO,PACE_V31,5,5,5,5,510,-5.72,-6.31,1.02,1.88,0.001614,0.001093,9.78
RHOW,PACE_V31,HYPERPRO,5,5,5,5,510,-0.06,-0.06,-1.02,1.88,0.001614,0.001093,11.24
RHOW,HYPERPRO,PACE_V31,5,5,5,5,560,-0.56,-0.57,3.97,6.19,9.39e-4,7.03e-4,15.23
RHOW,PACE_V31,HYPERPRO,5,5,5,5,560,-0.03,-0.02,-3.97,6.19,9.39e-4,7.03e-4,16.72
RHOW,HYPERPRO,PACE_V31,5,5,5,5,620,NA,NA,7.05,35.2,5.25e-4,4.21e-4,44.69
RHOW,PACE_V31,HYPERPRO,5,5,5,5,620,0,0,-7.05,35.2,5.25e-4,4.21e-4,193.62
RHOW,HYPERPRO,PACE_V31,5,5,5,4,673,-1.51,-1.13,48.27,128.26,4.49e-4,3.94e-4,109.1
RHOW,PACE_V31,HYPERPRO,5,5,5,4,673,-0.56,-0.69,-48.27,128.26,4.49e-4,3.94e-4,62.26
RHOW,HYPERPRO,PACE_V31,5,5,5,4,700,NA,NA,8.62,52.74,1.91e-4,1.44e-4,45.7
RHOW,PACE_V31,HYPERPRO,5,5,5,4,700,-0,-0,-8.62,52.74,1.91e-4,1.44e-4,55.77
