var_name,file_name,sensor_X,sensor_Y,lon_X,lat_X,lon_Y,lat_Y,dist,dateTime_X,dateTime_Y,diff_time,n,Slope,Slope_log,Bias,Error,RMSE,MSA,MAPE
RHOW,HYPERNETS_vs_AQUA_vs_20240810T110400_RHOW.csv,Hyp,AQUA,19.429983,35.909317,19.461026999999998,35.892426,3.37,2024-08-10T09:04:00Z,2024-08-10T10:40:01Z,96,6,1.18,1.01,8.4,8.4,0.006169,0.003489,17.19
RHOW,HYPERNETS_vs_AQUA_vs_20240810T110400_RHOW.csv,AQUA,Hyp,19.461026999999998,35.892426,19.429983,35.909317,3.37,2024-08-10T10:40:01Z,2024-08-10T09:04:00Z,96,6,0.73,0.95,-8.4,8.4,0.006169,0.003489,12.87
RHOW,HYPERNETS_vs_AQUA_vs_20240810T110900_RHOW.csv,Hyp,AQUA,19.424367,35.90945,19.44887,35.890907,3.02,2024-08-10T09:09:00Z,2024-08-10T10:40:01Z,91,6,1.21,1.07,6.66,6.66,0.006165,0.003336,14.33
RHOW,HYPERNETS_vs_AQUA_vs_20240810T110900_RHOW.csv,AQUA,Hyp,19.44887,35.890907,19.424367,35.90945,3.02,2024-08-10T10:40:01Z,2024-08-10T09:09:00Z,91,6,0.71,0.9,-6.66,6.66,0.006165,0.003336,10.5
RHOW,HYPERNETS_vs_AQUA_vs_20240810T111800_RHOW.csv,Hyp,AQUA,19.402032999999996,35.909333000000004,19.434959000000003,35.898693,3.2,2024-08-10T09:18:00Z,2024-08-10T10:40:01Z,82,6,1.12,1.14,-5.84,10.24,0.004999,0.002994,13.76
RHOW,HYPERNETS_vs_AQUA_vs_20240810T111800_RHOW.csv,AQUA,Hyp,19.434959000000003,35.898693,19.402032999999996,35.909333000000004,3.2,2024-08-10T10:40:01Z,2024-08-10T09:18:00Z,82,6,0.77,0.85,5.84,10.24,0.004999,0.002994,12.52
RHOW,HYPERNETS_vs_AQUA_vs_20240810T113000_RHOW.csv,Hyp,AQUA,19.374117000000002,35.909317,19.398611,35.894131,2.78,2024-08-10T09:30:00Z,2024-08-10T10:40:01Z,70,6,1.14,1.12,-3.23,6.29,0.00525,0.002648,11.93
RHOW,HYPERNETS_vs_AQUA_vs_20240810T113000_RHOW.csv,AQUA,Hyp,19.398611,35.894131,19.374117000000002,35.909317,2.78,2024-08-10T10:40:01Z,2024-08-10T09:30:00Z,70,6,0.76,0.86,3.23,6.29,0.00525,0.002648,9.86
RHOW,HYPERNETS_vs_AQUA_vs_20240810T114500_RHOW.csv,Hyp,AQUA,19.3462,35.9094,19.374445,35.89109,3.26,2024-08-10T09:45:00Z,2024-08-10T10:40:01Z,55,6,1.13,1.02,2.25,2.25,0.005581,0.002524,11.3
RHOW,HYPERNETS_vs_AQUA_vs_20240810T114500_RHOW.csv,AQUA,Hyp,19.374445,35.89109,19.3462,35.9094,3.26,2024-08-10T10:40:01Z,2024-08-10T09:45:00Z,55,6,0.76,0.94,-2.25,2.25,0.005581,0.002524,8.21
RHOW,HYPERNETS_vs_AQUA_vs_20240810T120000_RHOW.csv,Hyp,AQUA,19.312732999999998,35.90995,19.336521,35.895802,2.66,2024-08-10T10:00:00Z,2024-08-10T10:40:01Z,40,6,1.14,1.09,-1.45,1.94,0.005434,0.002533,10.19
RHOW,HYPERNETS_vs_AQUA_vs_20240810T120000_RHOW.csv,AQUA,Hyp,19.336521,35.895802,19.312732999999998,35.90995,2.66,2024-08-10T10:40:01Z,2024-08-10T10:00:00Z,40,6,0.76,0.89,1.45,1.94,0.005434,0.002533,7.7
RHOW,HYPERNETS_vs_AQUA_vs_20240810T123000_RHOW.csv,Hyp,AQUA,19.24585,35.91068299999999,19.274744,35.897434,2.99,2024-08-10T10:30:00Z,2024-08-10T10:40:01Z,10,6,1.06,1.09,-9.63,10.45,0.004818,0.003314,13.88
RHOW,HYPERNETS_vs_AQUA_vs_20240810T123000_RHOW.csv,AQUA,Hyp,19.274744,35.897434,19.24585,35.91068299999999,2.99,2024-08-10T10:40:01Z,2024-08-10T10:30:00Z,10,6,0.82,0.88,9.63,10.45,0.004818,0.003314,13.13
RHOW,HYPERNETS_vs_AQUA_vs_20240810T124500_RHOW.csv,Hyp,AQUA,19.212332999999997,35.911117,19.249054,35.903618,3.41,2024-08-10T10:45:00Z,2024-08-10T10:40:01Z,5,6,1.08,1.03,-2.58,4.52,0.005119,0.002645,10.37
RHOW,HYPERNETS_vs_AQUA_vs_20240810T124500_RHOW.csv,AQUA,Hyp,19.249054,35.903618,19.212332999999997,35.911117,3.41,2024-08-10T10:40:01Z,2024-08-10T10:45:00Z,5,6,0.8,0.93,2.58,4.52,0.005119,0.002645,8.19
RHOW,HYPERNETS_vs_AQUA_vs_20240810T131500_RHOW.csv,Hyp,AQUA,19.134100000000004,35.9121,19.157837000000004,35.899639,2.55,2024-08-10T11:15:00Z,2024-08-10T10:40:01Z,35,6,1.03,1.25,-18.92,22.02,0.004845,0.004543,22.16
RHOW,HYPERNETS_vs_AQUA_vs_20240810T131500_RHOW.csv,AQUA,Hyp,19.157837000000004,35.899639,19.134100000000004,35.9121,2.55,2024-08-10T10:40:01Z,2024-08-10T11:15:00Z,35,6,0.84,0.77,18.92,22.02,0.004845,0.004543,27.6
RHOW,HYPERNETS_vs_AQUA_vs_20240810T134500_RHOW.csv,Hyp,AQUA,19.061617,35.913616999999995,19.085040999999997,35.899882999999996,2.61,2024-08-10T11:45:00Z,2024-08-10T10:40:01Z,65,6,1.05,1.07,-8.07,9.56,0.004374,0.002988,13.07
RHOW,HYPERNETS_vs_AQUA_vs_20240810T134500_RHOW.csv,AQUA,Hyp,19.085040999999997,35.899882999999996,19.061617,35.913616999999995,2.61,2024-08-10T10:40:01Z,2024-08-10T11:45:00Z,65,6,0.82,0.9,8.07,9.56,0.004374,0.002988,12.17
RHOW,HYPERNETS_vs_AQUA_vs_20240811T074900_RHOW.csv,Hyp,AQUA,16.613517,36.048567,17.830084000000003,36.712677,131.73,2024-08-11T05:49:00Z,2024-08-11T09:45:01Z,236,6,1.41,0.82,56.02,56.02,0.012612,0.010712,68.65
RHOW,HYPERNETS_vs_AQUA_vs_20240811T074900_RHOW.csv,AQUA,Hyp,17.830084000000003,36.712677,16.613517,36.048567,131.73,2024-08-11T09:45:01Z,2024-08-11T05:49:00Z,236,6,0.61,1.15,-56.02,56.02,0.012612,0.010712,38.51
RHOW,HYPERNETS_vs_AQUA_vs_20240811T111600_RHOW.csv,Hyp,AQUA,16.4092,36.04515000000001,17.790301999999997,36.79650500000001,149.33,2024-08-11T09:16:00Z,2024-08-11T09:45:01Z,29,6,1.55,0.85,65.96,65.96,0.013937,0.011962,79.53
RHOW,HYPERNETS_vs_AQUA_vs_20240811T111600_RHOW.csv,AQUA,Hyp,17.790301999999997,36.79650500000001,16.4092,36.04515000000001,149.33,2024-08-11T09:45:01Z,2024-08-11T09:16:00Z,29,6,0.55,1.11,-65.96,65.96,0.013937,0.011962,42.58
RHOW,HYPERNETS_vs_AQUA_vs_20240813T132000_RHOW.csv,Hyp,AQUA,15.405917,37.128400000000006,15.360278,37.184295999999996,7.42,2024-08-13T11:20:00Z,2024-08-13T11:05:00Z,15,6,1.01,1.23,-18.44,18.44,0.003553,0.003463,20.77
RHOW,HYPERNETS_vs_AQUA_vs_20240813T132000_RHOW.csv,AQUA,Hyp,15.360278,37.184295999999996,15.405917,37.128400000000006,7.42,2024-08-13T11:05:00Z,2024-08-13T11:20:00Z,15,6,0.9,0.79,18.44,18.44,0.003553,0.003463,26.68
RHOW,HYPERNETS_vs_AQUA_vs_20240813T133000_RHOW.csv,Hyp,AQUA,15.392800000000001,37.143117000000004,15.423759,37.121639,3.64,2024-08-13T11:30:00Z,2024-08-13T11:05:00Z,25,6,0.9,1.31,-35.94,35.94,0.005853,0.005135,27.7
RHOW,HYPERNETS_vs_AQUA_vs_20240813T133000_RHOW.csv,AQUA,Hyp,15.423759,37.121639,15.392800000000001,37.143117000000004,3.64,2024-08-13T11:05:00Z,2024-08-13T11:30:00Z,25,6,1.01,0.74,35.94,35.94,0.005853,0.005135,43.97
RHOW,HYPERNETS_vs_AQUA_vs_20240813T134000_RHOW.csv,Hyp,AQUA,15.378417,37.15705,15.418599,37.152779,3.6,2024-08-13T11:40:00Z,2024-08-13T11:05:00Z,35,6,0.98,1.49,-37.45,37.45,0.006384,0.005914,30.94
RHOW,HYPERNETS_vs_AQUA_vs_20240813T134000_RHOW.csv,AQUA,Hyp,15.418599,37.152779,15.378417,37.15705,3.6,2024-08-13T11:05:00Z,2024-08-13T11:40:00Z,35,6,0.91,0.65,37.45,37.45,0.006384,0.005914,53.95
RHOW,HYPERNETS_vs_AQUA_vs_20240813T135100_RHOW.csv,Hyp,AQUA,15.363683000000002,37.170783,15.396419000000002,37.15648699999999,3.31,2024-08-13T11:51:00Z,2024-08-13T11:05:00Z,46,6,0.94,1.24,-28.71,28.71,0.004772,0.004457,24.64
RHOW,HYPERNETS_vs_AQUA_vs_20240813T135100_RHOW.csv,AQUA,Hyp,15.396419000000002,37.15648699999999,15.363683000000002,37.170783,3.31,2024-08-13T11:05:00Z,2024-08-13T11:51:00Z,46,6,0.96,0.79,28.71,28.71,0.004772,0.004457,34.78
RHOW,HYPERNETS_vs_AQUA_vs_20240813T141000_RHOW.csv,Hyp,AQUA,15.337183,37.194283,15.377468,37.175587,4.13,2024-08-13T12:10:00Z,2024-08-13T11:05:00Z,65,6,1.32,1.37,5.46,18.17,0.003991,0.002762,18.95
RHOW,HYPERNETS_vs_AQUA_vs_20240813T141000_RHOW.csv,AQUA,Hyp,15.377468,37.175587,15.337183,37.194283,4.13,2024-08-13T11:05:00Z,2024-08-13T12:10:00Z,65,6,0.69,0.71,-5.46,18.17,0.003991,0.002762,19.18
RHOW,HYPERNETS_vs_AQUA_vs_20240813T142000_RHOW.csv,Hyp,AQUA,15.3218,37.2076,15.358551,37.194645,3.56,2024-08-13T12:20:00Z,2024-08-13T11:05:00Z,75,6,1.07,1.31,-14.37,17.54,0.003334,0.003231,20.62
RHOW,HYPERNETS_vs_AQUA_vs_20240813T142000_RHOW.csv,AQUA,Hyp,15.358551,37.194645,15.3218,37.2076,3.56,2024-08-13T11:05:00Z,2024-08-13T12:20:00Z,75,6,0.85,0.75,14.37,17.54,0.003334,0.003231,26.77
RHOW,HYPERNETS_vs_AQUA_vs_20240813T143000_RHOW.csv,Hyp,AQUA,15.306400000000002,37.220867,15.341392999999998,37.203331000000006,3.67,2024-08-13T12:30:00Z,2024-08-13T11:05:00Z,85,6,0.93,1.22,-27.91,27.91,0.004646,0.004285,23.93
RHOW,HYPERNETS_vs_AQUA_vs_20240813T143000_RHOW.csv,AQUA,Hyp,15.341392999999998,37.203331000000006,15.306400000000002,37.220867,3.67,2024-08-13T11:05:00Z,2024-08-13T12:30:00Z,85,6,0.98,0.8,27.91,27.91,0.004646,0.004285,33.63
RHOW,HYPERNETS_vs_AQUA_vs_20240813T144100_RHOW.csv,Hyp,AQUA,15.291433,37.23445,15.324264999999999,37.211998,3.84,2024-08-13T12:41:00Z,2024-08-13T11:05:00Z,96,6,0.9,1.11,-24.94,24.94,0.003999,0.003597,19.68
RHOW,HYPERNETS_vs_AQUA_vs_20240813T144100_RHOW.csv,AQUA,Hyp,15.324264999999999,37.211998,15.291433,37.23445,3.84,2024-08-13T11:05:00Z,2024-08-13T12:41:00Z,96,6,1.02,0.88,24.94,24.94,0.003999,0.003597,24.85
RHOW,HYPERNETS_vs_AQUA_vs_20240814T101100_RHOW.csv,Hyp,AQUA,15.4845,37.580999999999996,15.546349999999999,37.566921,5.68,2024-08-14T08:11:00Z,2024-08-14T10:05:01Z,114,6,1.08,1.24,-11.61,20.93,0.003598,0.003032,19.22
RHOW,HYPERNETS_vs_AQUA_vs_20240814T101100_RHOW.csv,AQUA,Hyp,15.546349999999999,37.566921,15.4845,37.580999999999996,5.68,2024-08-14T10:05:01Z,2024-08-14T08:11:00Z,114,6,0.84,0.79,11.61,20.93,0.003598,0.003032,22.96
RHOW,HYPERNETS_vs_AQUA_vs_20240814T102100_RHOW.csv,Hyp,AQUA,15.480550000000001,37.577766999999994,15.546349999999999,37.566921,5.93,2024-08-14T08:21:00Z,2024-08-14T10:05:01Z,104,6,1.08,1.22,-11.5,20.61,0.003564,0.002983,18.76
RHOW,HYPERNETS_vs_AQUA_vs_20240814T102100_RHOW.csv,AQUA,Hyp,15.546349999999999,37.566921,15.480550000000001,37.577766999999994,5.93,2024-08-14T10:05:01Z,2024-08-14T08:21:00Z,104,6,0.84,0.8,11.5,20.61,0.003564,0.002983,22.12
RHOW,HYPERNETS_vs_AQUA_vs_20240814T103000_RHOW.csv,Hyp,AQUA,15.480550000000001,37.577766999999994,15.546349999999999,37.566921,5.93,2024-08-14T08:30:00Z,2024-08-14T10:05:01Z,95,6,1.08,1.23,-11.7,20.58,0.003569,0.003015,18.96
RHOW,HYPERNETS_vs_AQUA_vs_20240814T103000_RHOW.csv,AQUA,Hyp,15.546349999999999,37.566921,15.480550000000001,37.577766999999994,5.93,2024-08-14T10:05:01Z,2024-08-14T08:30:00Z,95,6,0.84,0.8,11.7,20.58,0.003569,0.003015,22.51
RHOW,HYPERNETS_vs_AQUA_vs_20240814T114100_RHOW.csv,Hyp,AQUA,15.5009,37.688733000000006,15.565123,37.666454,6.18,2024-08-14T09:41:00Z,2024-08-14T10:05:01Z,24,6,1.09,1.53,-24.58,24.58,0.004698,0.004652,27.69
RHOW,HYPERNETS_vs_AQUA_vs_20240814T114100_RHOW.csv,AQUA,Hyp,15.565123,37.666454,15.5009,37.688733000000006,6.18,2024-08-14T10:05:01Z,2024-08-14T09:41:00Z,24,6,0.84,0.64,24.58,24.58,0.004698,0.004652,46.06
RHOW,HYPERNETS_vs_AQUA_vs_20240814T123100_RHOW.csv,Hyp,AQUA,15.527932999999999,37.790367,15.595039000000002,37.825748000000004,7.1,2024-08-14T10:31:00Z,2024-08-14T10:05:01Z,26,6,1.01,1.55,-32.38,32.38,0.005631,0.005137,29.67
RHOW,HYPERNETS_vs_AQUA_vs_20240814T123100_RHOW.csv,AQUA,Hyp,15.595039000000002,37.825748000000004,15.527932999999999,37.790367,7.1,2024-08-14T10:05:01Z,2024-08-14T10:31:00Z,26,6,0.92,0.63,32.38,32.38,0.005631,0.005137,54.06
RHOW,HYPERNETS_vs_AQUA_vs_20240815T112000_RHOW.csv,Hyp,AQUA,15.331249999999999,38.580033,15.356864000000002,38.566036000000004,2.72,2024-08-15T09:20:00Z,2024-08-15T10:45:01Z,85,6,0.77,1.04,-33.79,33.79,0.004196,0.003783,24.71
RHOW,HYPERNETS_vs_AQUA_vs_20240815T112000_RHOW.csv,AQUA,Hyp,15.356864000000002,38.566036000000004,15.331249999999999,38.580033,2.72,2024-08-15T10:45:01Z,2024-08-15T09:20:00Z,85,6,1.27,0.96,33.79,33.79,0.004196,0.003783,33.24
RHOW,HYPERNETS_vs_AQUA_vs_20240815T130000_RHOW.csv,Hyp,AQUA,15.2522,38.660433000000005,15.273102999999999,38.647228,2.34,2024-08-15T11:00:00Z,2024-08-15T10:45:01Z,15,6,0.7,1.24,-61.75,61.75,0.006789,0.006267,41.33
RHOW,HYPERNETS_vs_AQUA_vs_20240815T130000_RHOW.csv,AQUA,Hyp,15.273102999999999,38.647228,15.2522,38.660433000000005,2.34,2024-08-15T10:45:01Z,2024-08-15T11:00:00Z,15,6,1.41,0.8,61.75,61.75,0.006789,0.006267,75.59
RHOW,HYPERNETS_vs_AQUA_vs_20240815T132000_RHOW.csv,Hyp,AQUA,15.237566999999999,38.679866999999994,15.269017,38.664856,3.2,2024-08-15T11:20:00Z,2024-08-15T10:45:01Z,35,6,0.71,1.28,-61.24,61.24,0.006663,0.006192,41.58
RHOW,HYPERNETS_vs_AQUA_vs_20240815T132000_RHOW.csv,AQUA,Hyp,15.269017,38.664856,15.237566999999999,38.679866999999994,3.2,2024-08-15T10:45:01Z,2024-08-15T11:20:00Z,35,6,1.38,0.78,61.24,61.24,0.006663,0.006192,77.44
RHOW,HYPERNETS_vs_AQUA_vs_20240815T133000_RHOW.csv,Hyp,AQUA,15.232866999999999,38.688100000000006,15.266972999999998,38.673672,3.37,2024-08-15T11:30:00Z,2024-08-15T10:45:01Z,45,6,0.7,1.27,-62.7,62.7,0.00676,0.006274,42.01
RHOW,HYPERNETS_vs_AQUA_vs_20240815T133000_RHOW.csv,AQUA,Hyp,15.266972999999998,38.673672,15.232866999999999,38.688100000000006,3.37,2024-08-15T10:45:01Z,2024-08-15T11:30:00Z,45,6,1.39,0.78,62.7,62.7,0.00676,0.006274,78.68
RHOW,HYPERNETS_vs_AQUA_vs_20240815T134200_RHOW.csv,Hyp,AQUA,15.2297,38.696783,15.26493,38.682483999999995,3.45,2024-08-15T11:42:00Z,2024-08-15T10:45:01Z,57,6,0.7,1.27,-62.83,62.83,0.006671,0.00618,41.97
RHOW,HYPERNETS_vs_AQUA_vs_20240815T134200_RHOW.csv,AQUA,Hyp,15.26493,38.682483999999995,15.2297,38.696783,3.45,2024-08-15T10:45:01Z,2024-08-15T11:42:00Z,57,6,1.4,0.79,62.83,62.83,0.006671,0.00618,78.34
RHOW,HYPERNETS_vs_AQUA_vs_20240815T140000_RHOW.csv,Hyp,AQUA,15.224199999999998,38.7143,15.255279,38.700100000000006,3.13,2024-08-15T12:00:00Z,2024-08-15T10:45:01Z,75,5,0.66,1.35,-75.6,75.6,0.007573,0.007016,49.42
RHOW,HYPERNETS_vs_AQUA_vs_20240815T140000_RHOW.csv,AQUA,Hyp,15.255279,38.700100000000006,15.224199999999998,38.7143,3.13,2024-08-15T10:45:01Z,2024-08-15T12:00:00Z,75,5,1.5,0.74,75.6,75.6,0.007573,0.007016,108.65
RHOW,TRIOS_vs_AQUA_vs_20240810T104548_RHOW.csv,TRIOS,AQUA,19.453936,35.913342,19.44887,35.890907,2.54,2024-08-10T08:45:48Z,2024-08-10T10:40:01Z,114,6,1.13,0.95,9.69,9.69,0.005902,0.003261,18.64
RHOW,TRIOS_vs_AQUA_vs_20240810T104548_RHOW.csv,AQUA,TRIOS,19.44887,35.890907,19.453936,35.913342,2.54,2024-08-10T10:40:01Z,2024-08-10T08:45:48Z,114,6,0.76,1.01,-9.69,9.69,0.005902,0.003261,13.78
RHOW,TRIOS_vs_AQUA_vs_20240810T113703_RHOW.csv,TRIOS,AQUA,19.361476,35.909326,19.398611,35.894131,3.75,2024-08-10T09:37:03Z,2024-08-10T10:40:01Z,63,6,1.12,1.04,0.06,2.55,0.005415,0.00251,10.74
RHOW,TRIOS_vs_AQUA_vs_20240810T113703_RHOW.csv,AQUA,TRIOS,19.398611,35.894131,19.361476,35.909326,3.75,2024-08-10T10:40:01Z,2024-08-10T09:37:03Z,63,6,0.77,0.93,-0.06,2.55,0.005415,0.00251,7.99
RHOW,TRIOS_vs_AQUA_vs_20240810T114709_RHOW.csv,TRIOS,AQUA,19.339481000000003,35.909440999999994,19.374445,35.89109,3.76,2024-08-10T09:47:09Z,2024-08-10T10:40:01Z,53,6,1.11,1.05,-1.18,3.96,0.005306,0.002539,10.47
RHOW,TRIOS_vs_AQUA_vs_20240810T114709_RHOW.csv,AQUA,TRIOS,19.374445,35.89109,19.339481000000003,35.909440999999994,3.76,2024-08-10T10:40:01Z,2024-08-10T09:47:09Z,53,6,0.77,0.91,1.18,3.96,0.005306,0.002539,8.05
RHOW,TRIOS_vs_AQUA_vs_20240810T120235_RHOW.csv,TRIOS,AQUA,19.306159,35.910015,19.336521,35.895802,3.16,2024-08-10T10:02:35Z,2024-08-10T10:40:01Z,37,6,1.09,1,0.12,2.9,0.005393,0.002574,11.23
RHOW,TRIOS_vs_AQUA_vs_20240810T120235_RHOW.csv,AQUA,TRIOS,19.336521,35.895802,19.306159,35.910015,3.16,2024-08-10T10:40:01Z,2024-08-10T10:02:35Z,37,6,0.79,0.96,-0.12,2.9,0.005393,0.002574,8.44
RHOW,TRIOS_vs_AQUA_vs_20240810T122936_RHOW.csv,TRIOS,AQUA,19.246183,35.91064599999999,19.274744,35.897434,2.97,2024-08-10T10:29:36Z,2024-08-10T10:40:01Z,10,6,1.09,1.01,-0.36,3.41,0.005239,0.002565,10.68
RHOW,TRIOS_vs_AQUA_vs_20240810T122936_RHOW.csv,AQUA,TRIOS,19.274744,35.897434,19.246183,35.91064599999999,2.97,2024-08-10T10:40:01Z,2024-08-10T10:29:36Z,10,6,0.8,0.96,0.36,3.41,0.005239,0.002565,8.18
RHOW,TRIOS_vs_AQUA_vs_20240810T124104_RHOW.csv,TRIOS,AQUA,19.222371999999996,35.910821999999996,19.25083,35.894386,3.15,2024-08-10T10:41:04Z,2024-08-10T10:40:01Z,1,5,0.98,0.99,-2.65,3.1,5.72e-4,4.64e-4,2.95
RHOW,TRIOS_vs_AQUA_vs_20240810T124104_RHOW.csv,AQUA,TRIOS,19.25083,35.894386,19.222371999999996,35.910821999999996,3.15,2024-08-10T10:40:01Z,2024-08-10T10:41:04Z,1,5,1.02,1.01,2.65,3.1,5.72e-4,4.64e-4,3.03
RHOW,TRIOS_vs_AQUA_vs_20240810T124602_RHOW.csv,TRIOS,AQUA,19.210498,35.91108699999999,19.249054,35.903618,3.57,2024-08-10T10:46:02Z,2024-08-10T10:40:01Z,6,6,1.08,1.08,-5.98,7.37,0.00496,0.003016,12.42
RHOW,TRIOS_vs_AQUA_vs_20240810T124602_RHOW.csv,AQUA,TRIOS,19.249054,35.903618,19.210498,35.91108699999999,3.57,2024-08-10T10:40:01Z,2024-08-10T10:46:02Z,6,6,0.8,0.89,5.98,7.37,0.00496,0.003016,10.96
RHOW,TRIOS_vs_AQUA_vs_20240810T131307_RHOW.csv,TRIOS,AQUA,19.140775,35.91197699999999,19.157837000000004,35.899639,2.06,2024-08-10T11:13:07Z,2024-08-10T10:40:01Z,33,6,1.08,1.06,-4.74,6.53,0.004573,0.002674,11.14
RHOW,TRIOS_vs_AQUA_vs_20240810T131307_RHOW.csv,AQUA,TRIOS,19.157837000000004,35.899639,19.140775,35.91197699999999,2.06,2024-08-10T10:40:01Z,2024-08-10T11:13:07Z,33,6,0.81,0.91,4.74,6.53,0.004573,0.002674,9.58
RHOW,TRIOS_vs_AQUA_vs_20240810T132916_RHOW.csv,TRIOS,AQUA,19.103294000000002,35.912473999999996,19.122282,35.89517200000001,2.58,2024-08-10T11:29:16Z,2024-08-10T10:40:01Z,49,6,1.11,1.03,0.06,1.46,0.004845,0.002241,10.12
RHOW,TRIOS_vs_AQUA_vs_20240810T132916_RHOW.csv,AQUA,TRIOS,19.122282,35.89517200000001,19.103294000000002,35.912473999999996,2.58,2024-08-10T10:40:01Z,2024-08-10T11:29:16Z,49,6,0.78,0.94,-0.06,1.46,0.004845,0.002241,7.57
RHOW,TRIOS_vs_AQUA_vs_20240810T134426_RHOW.csv,TRIOS,AQUA,19.065478,35.913428999999994,19.085040999999997,35.899882999999996,2.32,2024-08-10T11:44:26Z,2024-08-10T10:40:01Z,64,6,1.06,1.04,-5.64,7.2,0.004455,0.002676,10.96
RHOW,TRIOS_vs_AQUA_vs_20240810T134426_RHOW.csv,AQUA,TRIOS,19.085040999999997,35.899882999999996,19.065478,35.913428999999994,2.32,2024-08-10T10:40:01Z,2024-08-10T11:44:26Z,64,6,0.82,0.93,5.64,7.2,0.004455,0.002676,9.42
RHOW,TRIOS_vs_AQUA_vs_20240810T142820_RHOW.csv,TRIOS,AQUA,18.960660999999998,35.915299,18.977484,35.895596000000005,2.67,2024-08-10T12:28:20Z,2024-08-10T10:40:01Z,108,6,1.04,1.06,-8,9.73,0.004435,0.003005,12.39
RHOW,TRIOS_vs_AQUA_vs_20240810T142820_RHOW.csv,AQUA,TRIOS,18.977484,35.895596000000005,18.960660999999998,35.915299,2.67,2024-08-10T10:40:01Z,2024-08-10T12:28:20Z,108,6,0.83,0.91,8,9.73,0.004435,0.003005,11.46
RHOW,TRIOS_vs_AQUA_vs_20240811T105307_RHOW.csv,TRIOS,AQUA,16.443555,36.035663,17.790301999999997,36.79650500000001,147.4,2024-08-11T08:53:07Z,2024-08-11T09:45:01Z,52,6,1.46,0.81,62.6,62.6,0.013287,0.011365,76.91
RHOW,TRIOS_vs_AQUA_vs_20240811T105307_RHOW.csv,AQUA,TRIOS,17.790301999999997,36.79650500000001,16.443555,36.035663,147.4,2024-08-11T09:45:01Z,2024-08-11T08:53:07Z,52,6,0.58,1.16,-62.6,62.6,0.013287,0.011365,41.17
RHOW,TRIOS_vs_AQUA_vs_20240811T121922_RHOW.csv,TRIOS,AQUA,16.292493999999998,36.067488,17.790301999999997,36.79650500000001,156.78,2024-08-11T10:19:22Z,2024-08-11T09:45:01Z,34,6,1.4,0.8,57.66,57.66,0.012586,0.01071,71.38
RHOW,TRIOS_vs_AQUA_vs_20240811T121922_RHOW.csv,AQUA,TRIOS,17.790301999999997,36.79650500000001,16.292493999999998,36.067488,156.78,2024-08-11T09:45:01Z,2024-08-11T10:19:22Z,34,6,0.61,1.17,-57.66,57.66,0.012586,0.01071,39.18
RHOW,TRIOS_vs_AQUA_vs_20240811T131815_RHOW.csv,TRIOS,AQUA,16.199793,36.085693,16.271416,36.056293,7.23,2024-08-11T11:18:15Z,2024-08-11T11:20:01Z,2,5,0.88,0.96,-12.78,12.78,0.0026,0.002251,11.48
RHOW,TRIOS_vs_AQUA_vs_20240811T131815_RHOW.csv,AQUA,TRIOS,16.271416,36.056293,16.199793,36.085693,7.23,2024-08-11T11:20:01Z,2024-08-11T11:18:15Z,2,5,1.13,1.03,12.78,12.78,0.0026,0.002251,13.37
RHOW,TRIOS_vs_AQUA_vs_20240811T142904_RHOW.csv,TRIOS,AQUA,16.176034,36.078449,16.239815000000004,36.05423699999999,6.34,2024-08-11T12:29:04Z,2024-08-11T11:20:01Z,69,6,1.14,1.03,2.16,5.44,0.004701,0.002319,12.84
RHOW,TRIOS_vs_AQUA_vs_20240811T142904_RHOW.csv,AQUA,TRIOS,16.239815000000004,36.05423699999999,16.176034,36.078449,6.34,2024-08-11T11:20:01Z,2024-08-11T12:29:04Z,69,6,0.76,0.93,-2.16,5.44,0.004701,0.002319,9.95
RHOW,TRIOS_vs_AQUA_vs_20240813T111027_RHOW.csv,TRIOS,AQUA,15.598116999999998,36.923126,15.630849,36.907818,3.38,2024-08-13T09:10:27Z,2024-08-13T11:05:00Z,115,6,1.1,1.06,-2.36,3.91,0.004063,0.002129,9.99
RHOW,TRIOS_vs_AQUA_vs_20240813T111027_RHOW.csv,AQUA,TRIOS,15.630849,36.907818,15.598116999999998,36.923126,3.38,2024-08-13T11:05:00Z,2024-08-13T09:10:27Z,115,6,0.8,0.91,2.36,3.91,0.004063,0.002129,8.22
RHOW,TRIOS_vs_AQUA_vs_20240813T112027_RHOW.csv,TRIOS,AQUA,15.585597000000002,36.938744,15.629133,36.918296999999995,4.49,2024-08-13T09:20:27Z,2024-08-13T11:05:00Z,105,6,1.08,1.08,-5.67,6.64,0.003834,0.002407,11.95
RHOW,TRIOS_vs_AQUA_vs_20240813T112027_RHOW.csv,AQUA,TRIOS,15.629133,36.918296999999995,15.585597000000002,36.938744,4.49,2024-08-13T11:05:00Z,2024-08-13T09:20:27Z,105,6,0.82,0.89,5.67,6.64,0.003834,0.002407,10.86
RHOW,TRIOS_vs_AQUA_vs_20240813T141327_RHOW.csv,TRIOS,AQUA,15.331060999999998,37.19951800000001,15.377468,37.175587,4.9,2024-08-13T12:13:27Z,2024-08-13T11:05:00Z,68,6,1.04,1.16,-11.71,18.55,0.003073,0.002659,16.2
RHOW,TRIOS_vs_AQUA_vs_20240813T141327_RHOW.csv,AQUA,TRIOS,15.377468,37.175587,15.331060999999998,37.19951800000001,4.9,2024-08-13T11:05:00Z,2024-08-13T12:13:27Z,68,6,0.87,0.84,11.71,18.55,0.003073,0.002659,17.88
RHOW,TRIOS_vs_AQUA_vs_20240813T142033_RHOW.csv,TRIOS,AQUA,15.305520000000001,37.221465,15.358551,37.194645,5.57,2024-08-13T12:20:33Z,2024-08-13T11:05:00Z,76,6,1.02,1.1,-11.47,14.07,0.002977,0.00252,14.38
RHOW,TRIOS_vs_AQUA_vs_20240813T142033_RHOW.csv,AQUA,TRIOS,15.358551,37.194645,15.305520000000001,37.221465,5.57,2024-08-13T11:05:00Z,2024-08-13T12:20:33Z,76,6,0.89,0.88,11.47,14.07,0.002977,0.00252,15.27
RHOW,TRIOS_vs_AQUA_vs_20240813T143209_RHOW.csv,TRIOS,AQUA,15.302865,37.223897,15.341392999999998,37.203331000000006,4.11,2024-08-13T12:32:09Z,2024-08-13T11:05:00Z,87,6,0.96,1.16,-19.85,19.85,0.003531,0.003358,19.53
RHOW,TRIOS_vs_AQUA_vs_20240813T143209_RHOW.csv,AQUA,TRIOS,15.341392999999998,37.203331000000006,15.302865,37.223897,4.11,2024-08-13T11:05:00Z,2024-08-13T12:32:09Z,87,6,0.95,0.84,19.85,19.85,0.003531,0.003358,24.31
RHOW,TRIOS_vs_AQUA_vs_20240813T144250_RHOW.csv,TRIOS,AQUA,15.287427999999998,37.23791200000001,15.324264999999999,37.211998,4.36,2024-08-13T12:42:50Z,2024-08-13T11:05:00Z,98,6,0.94,1.05,-15.75,15.8,0.003013,0.002708,14.49
RHOW,TRIOS_vs_AQUA_vs_20240813T144250_RHOW.csv,AQUA,TRIOS,15.324264999999999,37.211998,15.287427999999998,37.23791200000001,4.36,2024-08-13T11:05:00Z,2024-08-13T12:42:50Z,98,6,0.98,0.93,15.75,15.8,0.003013,0.002708,16.21
RHOW,TRIOS_vs_AQUA_vs_20240814T101309_RHOW.csv,TRIOS,AQUA,15.48502,37.581365,15.546349999999999,37.566921,5.64,2024-08-14T08:13:09Z,2024-08-14T10:05:01Z,112,6,1.11,1.16,-5.97,13.72,0.003656,0.002312,14.37
RHOW,TRIOS_vs_AQUA_vs_20240814T101309_RHOW.csv,AQUA,TRIOS,15.546349999999999,37.566921,15.48502,37.581365,5.64,2024-08-14T10:05:01Z,2024-08-14T08:13:09Z,112,6,0.81,0.84,5.97,13.72,0.003656,0.002312,14.57
RHOW,TRIOS_vs_AQUA_vs_20240814T102320_RHOW.csv,TRIOS,AQUA,15.481237,37.578267,15.546349999999999,37.566921,5.88,2024-08-14T08:23:20Z,2024-08-14T10:05:01Z,102,6,1.09,1.16,-8.43,16.73,0.003552,0.002558,15.68
RHOW,TRIOS_vs_AQUA_vs_20240814T102320_RHOW.csv,AQUA,TRIOS,15.546349999999999,37.566921,15.481237,37.578267,5.88,2024-08-14T10:05:01Z,2024-08-14T08:23:20Z,102,6,0.83,0.84,8.43,16.73,0.003552,0.002558,16.68
RHOW,TRIOS_vs_AQUA_vs_20240814T102828_RHOW.csv,TRIOS,AQUA,15.479555000000001,37.576855,15.546349999999999,37.566921,6,2024-08-14T08:28:28Z,2024-08-14T10:05:01Z,97,6,1.08,1.15,-8.48,15.3,0.003542,0.002528,15.17
RHOW,TRIOS_vs_AQUA_vs_20240814T102828_RHOW.csv,AQUA,TRIOS,15.546349999999999,37.566921,15.479555000000001,37.576855,6,2024-08-14T10:05:01Z,2024-08-14T08:28:28Z,97,6,0.84,0.85,8.48,15.3,0.003542,0.002528,15.86
RHOW,TRIOS_vs_AQUA_vs_20240814T103829_RHOW.csv,TRIOS,AQUA,15.476803,37.57514200000001,15.546349999999999,37.566921,6.2,2024-08-14T08:38:29Z,2024-08-14T10:05:01Z,87,6,1.08,1.15,-8.82,15.58,0.003517,0.002554,15.27
RHOW,TRIOS_vs_AQUA_vs_20240814T103829_RHOW.csv,AQUA,TRIOS,15.546349999999999,37.566921,15.476803,37.57514200000001,6.2,2024-08-14T10:05:01Z,2024-08-14T08:38:29Z,87,6,0.84,0.85,8.82,15.58,0.003517,0.002554,16.08
RHOW,TRIOS_vs_AQUA_vs_20240814T112844_RHOW.csv,TRIOS,AQUA,15.49475,37.665803000000004,15.570196000000001,37.652977,6.8,2024-08-14T09:28:44Z,2024-08-14T10:05:01Z,36,6,1.06,1.29,-16.05,20.21,0.003644,0.00351,21.86
RHOW,TRIOS_vs_AQUA_vs_20240814T112844_RHOW.csv,AQUA,TRIOS,15.570196000000001,37.652977,15.49475,37.665803000000004,6.8,2024-08-14T10:05:01Z,2024-08-14T09:28:44Z,36,6,0.85,0.75,16.05,20.21,0.003644,0.00351,28.88
RHOW,TRIOS_vs_AQUA_vs_20240814T114434_RHOW.csv,TRIOS,AQUA,15.50315,37.697373000000006,15.565123,37.666454,6.45,2024-08-14T09:44:34Z,2024-08-14T10:05:01Z,20,6,1.1,1.33,-14.46,19.81,0.003455,0.003302,21.58
RHOW,TRIOS_vs_AQUA_vs_20240814T114434_RHOW.csv,AQUA,TRIOS,15.565123,37.666454,15.50315,37.697373000000006,6.45,2024-08-14T10:05:01Z,2024-08-14T09:44:34Z,20,6,0.83,0.73,14.46,19.81,0.003455,0.003302,28.88
RHOW,TRIOS_vs_AQUA_vs_20240814T115503_RHOW.csv,TRIOS,AQUA,15.509195,37.71812800000001,15.638002999999998,37.85812,19.27,2024-08-14T09:55:03Z,2024-08-14T10:05:01Z,10,6,0.97,1.4,-29.67,29.67,0.004848,0.004368,27.28
RHOW,TRIOS_vs_AQUA_vs_20240814T115503_RHOW.csv,AQUA,TRIOS,15.638002999999998,37.85812,15.509195,37.71812800000001,19.27,2024-08-14T10:05:01Z,2024-08-14T09:55:03Z,10,6,0.97,0.7,29.67,29.67,0.004848,0.004368,45.5
RHOW,TRIOS_vs_AQUA_vs_20240815T110740_RHOW.csv,TRIOS,AQUA,15.342067,38.56888,15.370182000000002,38.558796,2.69,2024-08-15T09:07:40Z,2024-08-15T10:45:01Z,97,6,0.74,1.03,-37,37,0.004734,0.00427,27.01
RHOW,TRIOS_vs_AQUA_vs_20240815T110740_RHOW.csv,AQUA,TRIOS,15.370182000000002,38.558796,15.342067,38.56888,2.69,2024-08-15T10:45:01Z,2024-08-15T09:07:40Z,97,6,1.32,0.96,37,37,0.004734,0.00427,37.41
RHOW,TRIOS_vs_AQUA_vs_20240815T111757_RHOW.csv,TRIOS,AQUA,15.333312999999999,38.577861999999996,15.356864000000002,38.566036000000004,2.44,2024-08-15T09:17:57Z,2024-08-15T10:45:01Z,87,6,0.76,1.02,-32.79,32.79,0.004306,0.003853,24.63
RHOW,TRIOS_vs_AQUA_vs_20240815T111757_RHOW.csv,AQUA,TRIOS,15.356864000000002,38.566036000000004,15.333312999999999,38.577861999999996,2.44,2024-08-15T10:45:01Z,2024-08-15T09:17:57Z,87,6,1.29,0.98,32.79,32.79,0.004306,0.003853,33.05
RHOW,TRIOS_vs_AQUA_vs_20240815T115408_RHOW.csv,TRIOS,AQUA,15.302222,38.608387,15.257323999999999,38.691288,10.02,2024-08-15T09:54:08Z,2024-08-15T10:45:01Z,51,6,0.72,1.32,-62.29,62.29,0.006507,0.006106,42.77
RHOW,TRIOS_vs_AQUA_vs_20240815T115408_RHOW.csv,AQUA,TRIOS,15.257323999999999,38.691288,15.302222,38.608387,10.02,2024-08-15T10:45:01Z,2024-08-15T09:54:08Z,51,6,1.37,0.75,62.29,62.29,0.006507,0.006106,82.68
RHOW,HYPERPRO_vs_AQUA_vs_20240811T094700_RHOW.csv,HYPERPRO,AQUA,16.489199999999997,36.03210000000001,17.790301999999997,36.79650500000001,144.31,2024-08-11T07:47:00Z,2024-08-11T09:45:01Z,118,6,1.43,0.88,45.85,45.85,0.01208,0.010058,58.92
RHOW,HYPERPRO_vs_AQUA_vs_20240811T094700_RHOW.csv,AQUA,HYPERPRO,17.790301999999997,36.79650500000001,16.489199999999997,36.03210000000001,144.31,2024-08-11T09:45:01Z,2024-08-11T07:47:00Z,118,6,0.6,1.07,-45.85,45.85,0.01208,0.010058,35.42
RHOW,HYPERPRO_vs_AQUA_vs_20240813T094900_RHOW.csv,HYPERPRO,AQUA,15.644499999999999,36.85379999999999,15.629133,36.918296999999995,7.31,2024-08-13T07:49:00Z,2024-08-13T11:05:00Z,196,6,1.09,1.08,-3.73,4.81,0.003867,0.002179,10.58
RHOW,HYPERPRO_vs_AQUA_vs_20240813T094900_RHOW.csv,AQUA,HYPERPRO,15.629133,36.918296999999995,15.644499999999999,36.85379999999999,7.31,2024-08-13T11:05:00Z,2024-08-13T07:49:00Z,196,6,0.81,0.9,3.73,4.81,0.003867,0.002179,9.17
RHOW,HYPERPRO_vs_AQUA_vs_20240814T101100_RHOW.csv,HYPERPRO,AQUA,15.485500000000002,37.581799999999994,15.596583,37.738594000000006,20.01,2024-08-14T08:11:00Z,2024-08-14T10:05:01Z,114,6,0.92,1.08,-20.08,20.08,0.003359,0.002968,16.54
RHOW,HYPERPRO_vs_AQUA_vs_20240814T101100_RHOW.csv,AQUA,HYPERPRO,15.596583,37.738594000000006,15.485500000000002,37.581799999999994,20.01,2024-08-14T10:05:01Z,2024-08-14T08:11:00Z,114,6,1.02,0.91,20.08,20.08,0.003359,0.002968,19.98
RHOW,HYPERPRO_vs_AQUA_vs_20240815T100000_RHOW.csv,HYPERPRO,AQUA,15.381400000000001,38.535700000000006,15.356864000000002,38.566036000000004,4,2024-08-15T08:00:00Z,2024-08-15T10:45:01Z,165,6,0.78,1.12,-38.42,38.42,0.004723,0.004379,28.61
RHOW,HYPERPRO_vs_AQUA_vs_20240815T100000_RHOW.csv,AQUA,HYPERPRO,15.356864000000002,38.566036000000004,15.381400000000001,38.535700000000006,4,2024-08-15T10:45:01Z,2024-08-15T08:00:00Z,165,6,1.26,0.89,38.42,38.42,0.004723,0.004379,41.1
