var_name,file_name,sensor_X,sensor_Y,lon_X,lat_X,lon_Y,lat_Y,dist,dateTime_X,dateTime_Y,diff_time,n,Slope,RMSE,MAPE,Bias,Error
ED,HYPERNETS_vs_TRIOS_vs_20240808T065700_ED.csv,Hyp,TRIOS,23.229217,36.074616999999996,23.235899,36.072849,0.63,2024-08-08T04:57:00Z,2024-08-08T04:54:45Z,2,321,0.91,31.1573,3.3,-2.9,3.1
ED,HYPERNETS_vs_TRIOS_vs_20240808T065700_ED.csv,TRIOS,Hyp,23.235899,36.072849,23.229217,36.074616999999996,0.63,2024-08-08T04:54:45Z,2024-08-08T04:57:00Z,2,321,1.08,31.1573,3.4,2.9,3.1
ED,HYPERNETS_vs_TRIOS_vs_20240808T070000_ED.csv,Hyp,TRIOS,23.223867000000002,36.075917000000004,23.235899,36.072849,1.14,2024-08-08T05:00:00Z,2024-08-08T04:54:45Z,5,321,0.9,43.4326,4.6,-4.6,4.7
ED,HYPERNETS_vs_TRIOS_vs_20240808T070000_ED.csv,TRIOS,Hyp,23.235899,36.072849,23.223867000000002,36.075917000000004,1.14,2024-08-08T04:54:45Z,2024-08-08T05:00:00Z,5,321,1.09,43.4326,4.9,4.6,4.7
ED,HYPERNETS_vs_TRIOS_vs_20240809T073700_ED.csv,Hyp,TRIOS,22.401483,36.0163,22.400873,36.015972000000005,0.07,2024-08-09T05:37:00Z,2024-08-09T05:39:34Z,3,321,0.92,29.3454,2.3,-1.1,1.7
ED,HYPERNETS_vs_TRIOS_vs_20240809T073700_ED.csv,TRIOS,Hyp,22.400873,36.015972000000005,22.401483,36.0163,0.07,2024-08-09T05:39:34Z,2024-08-09T05:37:00Z,3,321,1.07,29.3454,2.3,1.1,1.7
ED,HYPERNETS_vs_TRIOS_vs_20240809T074500_ED.csv,Hyp,TRIOS,22.400667,36.01495,22.400873,36.015972000000005,0.12,2024-08-09T05:45:00Z,2024-08-09T05:39:34Z,5,321,0.9,42.885,3.4,-3,3.2
ED,HYPERNETS_vs_TRIOS_vs_20240809T074500_ED.csv,TRIOS,Hyp,22.400873,36.015972000000005,22.400667,36.01495,0.12,2024-08-09T05:39:34Z,2024-08-09T05:45:00Z,5,321,1.08,42.885,3.6,3,3.2
ED,HYPERNETS_vs_TRIOS_vs_20240809T093000_ED.csv,Hyp,TRIOS,22.385299999999997,36.0155,22.405568999999996,36.002848,2.31,2024-08-09T07:30:00Z,2024-08-09T07:32:22Z,2,321,0.91,43.7673,2.6,-1.8,2.1
ED,HYPERNETS_vs_TRIOS_vs_20240809T093000_ED.csv,TRIOS,Hyp,22.405568999999996,36.002848,22.385299999999997,36.0155,2.31,2024-08-09T07:32:22Z,2024-08-09T07:30:00Z,2,321,1.07,43.7673,2.7,1.8,2.1
ED,HYPERNETS_vs_TRIOS_vs_20240809T094700_ED.csv,Hyp,TRIOS,22.3765,36.0195,22.406063,36.005686999999995,3.07,2024-08-09T07:47:00Z,2024-08-09T07:45:23Z,2,321,0.93,35.2691,2,-0.6,1.3
ED,HYPERNETS_vs_TRIOS_vs_20240809T094700_ED.csv,TRIOS,Hyp,22.406063,36.005686999999995,22.3765,36.0195,3.07,2024-08-09T07:45:23Z,2024-08-09T07:47:00Z,2,321,1.05,35.2691,2,0.6,1.3
ED,HYPERNETS_vs_TRIOS_vs_20240810T063000_ED.csv,Hyp,TRIOS,19.631367000000004,35.976766999999995,19.626307,35.976941,0.46,2024-08-10T04:30:00Z,2024-08-10T04:33:41Z,4,321,0.97,28.266,4.2,3.6,3.6
ED,HYPERNETS_vs_TRIOS_vs_20240810T063000_ED.csv,TRIOS,Hyp,19.626307,35.976941,19.631367000000004,35.976766999999995,0.46,2024-08-10T04:33:41Z,2024-08-10T04:30:00Z,4,321,1.01,28.266,4,-3.6,3.6
ED,HYPERNETS_vs_TRIOS_vs_20240810T064000_ED.csv,Hyp,TRIOS,19.614683000000003,35.97756699999999,19.613761000000004,35.977615,0.08,2024-08-10T04:40:00Z,2024-08-10T04:39:12Z,1,321,0.88,43.5448,5.4,-5.6,5.6
ED,HYPERNETS_vs_TRIOS_vs_20240810T064000_ED.csv,TRIOS,Hyp,19.613761000000004,35.977615,19.614683000000003,35.97756699999999,0.08,2024-08-10T04:39:12Z,2024-08-10T04:40:00Z,1,321,1.11,43.5448,5.8,5.6,5.6
ED,HYPERNETS_vs_TRIOS_vs_20240810T073600_ED.csv,Hyp,TRIOS,19.497817,35.983117,19.506292,35.982668999999994,0.77,2024-08-10T05:36:00Z,2024-08-10T05:33:54Z,2,321,0.91,42.3703,3.8,-3.6,3.7
ED,HYPERNETS_vs_TRIOS_vs_20240810T073600_ED.csv,TRIOS,Hyp,19.506292,35.982668999999994,19.497817,35.983117,0.77,2024-08-10T05:33:54Z,2024-08-10T05:36:00Z,2,321,1.08,42.3703,4,3.6,3.7
ED,HYPERNETS_vs_TRIOS_vs_20240810T113000_ED.csv,Hyp,TRIOS,19.374117000000002,35.909317,19.361476,35.909326,1.14,2024-08-10T09:30:00Z,2024-08-10T09:37:03Z,7,321,0.94,34.373,2.1,1.2,1.5
ED,HYPERNETS_vs_TRIOS_vs_20240810T113000_ED.csv,TRIOS,Hyp,19.361476,35.909326,19.374117000000002,35.909317,1.14,2024-08-10T09:37:03Z,2024-08-10T09:30:00Z,7,321,1.04,34.373,2.1,-1.2,1.5
ED,HYPERNETS_vs_TRIOS_vs_20240810T114500_ED.csv,Hyp,TRIOS,19.3462,35.9094,19.339481000000003,35.909440999999994,0.61,2024-08-10T09:45:00Z,2024-08-10T09:47:09Z,2,321,0.95,38.815,2.6,1.9,2.1
ED,HYPERNETS_vs_TRIOS_vs_20240810T114500_ED.csv,TRIOS,Hyp,19.339481000000003,35.909440999999994,19.3462,35.9094,0.61,2024-08-10T09:47:09Z,2024-08-10T09:45:00Z,2,321,1.03,38.815,2.5,-1.9,2.1
ED,HYPERNETS_vs_TRIOS_vs_20240810T120000_ED.csv,Hyp,TRIOS,19.312732999999998,35.90995,19.306159,35.910015,0.59,2024-08-10T10:00:00Z,2024-08-10T10:02:35Z,3,321,0.92,36.5797,2.2,-1.1,1.5
ED,HYPERNETS_vs_TRIOS_vs_20240810T120000_ED.csv,TRIOS,Hyp,19.306159,35.910015,19.312732999999998,35.90995,0.59,2024-08-10T10:02:35Z,2024-08-10T10:00:00Z,3,321,1.07,36.5797,2.2,1.1,1.5
ED,HYPERNETS_vs_TRIOS_vs_20240810T123000_ED.csv,Hyp,TRIOS,19.24585,35.91068299999999,19.246183,35.91064599999999,0.03,2024-08-10T10:30:00Z,2024-08-10T10:29:36Z,0,321,0.96,47.4683,3.6,3.1,3.2
ED,HYPERNETS_vs_TRIOS_vs_20240810T123000_ED.csv,TRIOS,Hyp,19.246183,35.91064599999999,19.24585,35.91068299999999,0.03,2024-08-10T10:29:36Z,2024-08-10T10:30:00Z,0,321,1.02,47.4683,3.5,-3.1,3.2
ED,HYPERNETS_vs_TRIOS_vs_20240810T124500_ED.csv,Hyp,TRIOS,19.212332999999997,35.911117,19.210498,35.91108699999999,0.17,2024-08-10T10:45:00Z,2024-08-10T10:46:02Z,1,321,0.96,49.3334,4,3.6,3.7
ED,HYPERNETS_vs_TRIOS_vs_20240810T124500_ED.csv,TRIOS,Hyp,19.210498,35.91108699999999,19.212332999999997,35.911117,0.17,2024-08-10T10:46:02Z,2024-08-10T10:45:00Z,1,321,1.01,49.3334,3.8,-3.6,3.7
ED,HYPERNETS_vs_TRIOS_vs_20240810T131500_ED.csv,Hyp,TRIOS,19.134100000000004,35.9121,19.140775,35.91197699999999,0.6,2024-08-10T11:15:00Z,2024-08-10T11:13:07Z,2,321,1.03,108.7456,10.2,9.9,9.9
ED,HYPERNETS_vs_TRIOS_vs_20240810T131500_ED.csv,TRIOS,Hyp,19.140775,35.91197699999999,19.134100000000004,35.9121,0.6,2024-08-10T11:13:07Z,2024-08-10T11:15:00Z,2,321,0.95,108.7456,9.2,-9.9,9.9
ED,HYPERNETS_vs_TRIOS_vs_20240810T133000_ED.csv,Hyp,TRIOS,19.10065,35.912517,19.103294000000002,35.912473999999996,0.24,2024-08-10T11:30:00Z,2024-08-10T11:29:16Z,1,321,1,77.5729,7.4,7,7
ED,HYPERNETS_vs_TRIOS_vs_20240810T133000_ED.csv,TRIOS,Hyp,19.103294000000002,35.912473999999996,19.10065,35.912517,0.24,2024-08-10T11:29:16Z,2024-08-10T11:30:00Z,1,321,0.98,77.5729,6.9,-7,7
ED,HYPERNETS_vs_TRIOS_vs_20240810T134500_ED.csv,Hyp,TRIOS,19.061617,35.913616999999995,19.065478,35.913428999999994,0.35,2024-08-10T11:45:00Z,2024-08-10T11:44:26Z,1,321,0.98,51.6015,5.3,4.9,4.9
ED,HYPERNETS_vs_TRIOS_vs_20240810T134500_ED.csv,TRIOS,Hyp,19.065478,35.913428999999994,19.061617,35.913616999999995,0.35,2024-08-10T11:44:26Z,2024-08-10T11:45:00Z,1,321,1,51.6015,5,-4.9,4.9
ED,HYPERNETS_vs_TRIOS_vs_20240810T143000_ED.csv,Hyp,TRIOS,18.95565,35.91546699999999,18.960660999999998,35.915299,0.45,2024-08-10T12:30:00Z,2024-08-10T12:28:20Z,2,321,1.06,89.6742,11.8,11.6,11.6
ED,HYPERNETS_vs_TRIOS_vs_20240810T143000_ED.csv,TRIOS,Hyp,18.960660999999998,35.915299,18.95565,35.91546699999999,0.45,2024-08-10T12:28:20Z,2024-08-10T12:30:00Z,2,321,0.92,89.6742,10.5,-11.6,11.6
ED,HYPERNETS_vs_TRIOS_vs_20240810T144500_ED.csv,Hyp,TRIOS,18.922216999999996,35.9153,18.923484,35.915265,0.11,2024-08-10T12:45:00Z,2024-08-10T12:44:14Z,1,321,1.09,99.6617,14.5,14.4,14.4
ED,HYPERNETS_vs_TRIOS_vs_20240810T144500_ED.csv,TRIOS,Hyp,18.923484,35.915265,18.922216999999996,35.9153,0.11,2024-08-10T12:44:14Z,2024-08-10T12:45:00Z,1,321,0.89,99.6617,12.6,-14.4,14.4
ED,HYPERNETS_vs_TRIOS_vs_20240810T150000_ED.csv,Hyp,TRIOS,18.883232999999997,35.91506699999999,18.880058000000002,35.914998999999995,0.29,2024-08-10T13:00:00Z,2024-08-10T13:02:18Z,2,321,1.05,69.2134,11.3,11,11
ED,HYPERNETS_vs_TRIOS_vs_20240810T150000_ED.csv,TRIOS,Hyp,18.880058000000002,35.914998999999995,18.883232999999997,35.91506699999999,0.29,2024-08-10T13:02:18Z,2024-08-10T13:00:00Z,2,321,0.92,69.2134,10.1,-11,11
ED,HYPERNETS_vs_TRIOS_vs_20240810T151500_ED.csv,Hyp,TRIOS,18.849783,35.915282999999995,18.880058000000002,35.914998999999995,2.73,2024-08-10T13:15:00Z,2024-08-10T13:02:18Z,13,321,1.16,131.1228,23.9,23.7,23.7
ED,HYPERNETS_vs_TRIOS_vs_20240810T151500_ED.csv,TRIOS,Hyp,18.880058000000002,35.914998999999995,18.849783,35.915282999999995,2.73,2024-08-10T13:02:18Z,2024-08-10T13:15:00Z,13,321,0.84,131.1228,19.2,-23.7,23.7
ED,HYPERNETS_vs_TRIOS_vs_20240811T143100_ED.csv,Hyp,TRIOS,16.175583,36.078817,16.176034,36.078449,0.06,2024-08-11T12:31:00Z,2024-08-11T12:29:04Z,2,321,0.97,31.6852,3.6,3,3
ED,HYPERNETS_vs_TRIOS_vs_20240811T143100_ED.csv,TRIOS,Hyp,16.176034,36.078449,16.175583,36.078817,0.06,2024-08-11T12:29:04Z,2024-08-11T12:31:00Z,2,321,1.01,31.6852,3.4,-3,3
ED,HYPERNETS_vs_TRIOS_vs_20240812T104500_ED.csv,Hyp,TRIOS,15.143232999999999,36.57005,15.143431,36.570156000000004,0.02,2024-08-12T08:45:00Z,2024-08-12T08:45:36Z,1,321,0.95,39.8062,2.7,1.9,2
ED,HYPERNETS_vs_TRIOS_vs_20240812T104500_ED.csv,TRIOS,Hyp,15.143431,36.570156000000004,15.143232999999999,36.57005,0.02,2024-08-12T08:45:36Z,2024-08-12T08:45:00Z,1,321,1.03,39.8062,2.6,-1.9,2
ED,HYPERNETS_vs_TRIOS_vs_20240812T110000_ED.csv,Hyp,TRIOS,15.135167,36.568267,15.143431,36.570156000000004,0.77,2024-08-12T09:00:00Z,2024-08-12T08:45:36Z,14,321,0.93,32.9895,1.9,0.3,1.2
ED,HYPERNETS_vs_TRIOS_vs_20240812T110000_ED.csv,TRIOS,Hyp,15.143431,36.570156000000004,15.135167,36.568267,0.77,2024-08-12T08:45:36Z,2024-08-12T09:00:00Z,14,321,1.05,32.9895,1.9,-0.3,1.2
ED,HYPERNETS_vs_TRIOS_vs_20240812T111500_ED.csv,Hyp,TRIOS,15.129567,36.56835000000001,15.126526,36.571358000000004,0.43,2024-08-12T09:15:00Z,2024-08-12T09:26:13Z,11,321,0.93,31.9669,1.9,0.3,1.1
ED,HYPERNETS_vs_TRIOS_vs_20240812T111500_ED.csv,TRIOS,Hyp,15.126526,36.571358000000004,15.129567,36.56835000000001,0.43,2024-08-12T09:26:13Z,2024-08-12T09:15:00Z,11,321,1.05,31.9669,1.9,-0.3,1.1
ED,HYPERNETS_vs_TRIOS_vs_20240812T113400_ED.csv,Hyp,TRIOS,15.132283,36.58408299999999,15.130457,36.580312000000006,0.45,2024-08-12T09:34:00Z,2024-08-12T09:31:36Z,2,321,0.93,34.6704,2,-0.7,1.3
ED,HYPERNETS_vs_TRIOS_vs_20240812T113400_ED.csv,TRIOS,Hyp,15.130457,36.580312000000006,15.132283,36.58408299999999,0.45,2024-08-12T09:31:36Z,2024-08-12T09:34:00Z,2,321,1.06,34.6704,2,0.7,1.3
ED,HYPERNETS_vs_TRIOS_vs_20240812T113700_ED.csv,Hyp,TRIOS,15.134182999999998,36.588333000000006,15.134279999999999,36.588713000000006,0.04,2024-08-12T09:37:00Z,2024-08-12T09:36:35Z,0,321,0.92,38.5995,2.2,-1.2,1.7
ED,HYPERNETS_vs_TRIOS_vs_20240812T113700_ED.csv,TRIOS,Hyp,15.134279999999999,36.588713000000006,15.134182999999998,36.588333000000006,0.04,2024-08-12T09:36:35Z,2024-08-12T09:37:00Z,0,321,1.06,38.5995,2.3,1.2,1.7
ED,HYPERNETS_vs_TRIOS_vs_20240812T114500_ED.csv,Hyp,TRIOS,15.140082999999999,36.601033,15.142036000000001,36.605829,0.56,2024-08-12T09:45:00Z,2024-08-12T09:47:01Z,2,321,0.91,51.1609,3.2,-2.7,2.9
ED,HYPERNETS_vs_TRIOS_vs_20240812T114500_ED.csv,TRIOS,Hyp,15.142036000000001,36.605829,15.140082999999999,36.601033,0.56,2024-08-12T09:47:01Z,2024-08-12T09:45:00Z,2,321,1.08,51.1609,3.3,2.7,2.9
ED,HYPERNETS_vs_TRIOS_vs_20240812T120000_ED.csv,Hyp,TRIOS,15.1553,36.62250000000001,15.156697000000001,36.624387,0.24,2024-08-12T10:00:00Z,2024-08-12T10:02:32Z,3,321,0.92,37.9903,2.3,-1.3,1.7
ED,HYPERNETS_vs_TRIOS_vs_20240812T120000_ED.csv,TRIOS,Hyp,15.156697000000001,36.624387,15.1553,36.62250000000001,0.24,2024-08-12T10:02:32Z,2024-08-12T10:00:00Z,3,321,1.06,37.9903,2.3,1.3,1.7
ED,HYPERNETS_vs_TRIOS_vs_20240812T121500_ED.csv,Hyp,TRIOS,15.161017,36.647433,15.160808,36.643068,0.49,2024-08-12T10:15:00Z,2024-08-12T10:13:32Z,1,321,0.92,33.3028,2,-0.6,1.2
ED,HYPERNETS_vs_TRIOS_vs_20240812T121500_ED.csv,TRIOS,Hyp,15.160808,36.643068,15.161017,36.647433,0.49,2024-08-12T10:13:32Z,2024-08-12T10:15:00Z,1,321,1.06,33.3028,2,0.6,1.2
ED,HYPERNETS_vs_TRIOS_vs_20240812T123000_ED.csv,Hyp,TRIOS,15.1637,36.6744,15.163055,36.6709,0.39,2024-08-12T10:30:00Z,2024-08-12T10:29:09Z,1,321,0.92,34.6585,2.1,-0.9,1.5
ED,HYPERNETS_vs_TRIOS_vs_20240812T123000_ED.csv,TRIOS,Hyp,15.163055,36.6709,15.1637,36.6744,0.39,2024-08-12T10:29:09Z,2024-08-12T10:30:00Z,1,321,1.06,34.6585,2.2,0.9,1.5
ED,HYPERNETS_vs_TRIOS_vs_20240812T130000_ED.csv,Hyp,TRIOS,15.141766999999998,36.701266999999994,15.141607999999998,36.701394,0.02,2024-08-12T11:00:00Z,2024-08-12T11:02:20Z,2,321,0.92,31.9735,2.1,-0.8,1.4
ED,HYPERNETS_vs_TRIOS_vs_20240812T130000_ED.csv,TRIOS,Hyp,15.141607999999998,36.701394,15.141766999999998,36.701266999999994,0.02,2024-08-12T11:02:20Z,2024-08-12T11:00:00Z,2,321,1.06,31.9735,2.1,0.8,1.4
ED,HYPERNETS_vs_TRIOS_vs_20240812T131500_ED.csv,Hyp,TRIOS,15.141682999999999,36.701383,15.141582,36.701361,0.01,2024-08-12T11:15:00Z,2024-08-12T11:12:40Z,2,321,0.94,28.4747,2.1,0.8,1.3
ED,HYPERNETS_vs_TRIOS_vs_20240812T131500_ED.csv,TRIOS,Hyp,15.141582,36.701361,15.141682999999999,36.701383,0.01,2024-08-12T11:12:40Z,2024-08-12T11:15:00Z,2,321,1.04,28.4747,2,-0.8,1.3
ED,HYPERNETS_vs_TRIOS_vs_20240813T080100_ED.csv,Hyp,TRIOS,15.532567,36.810317,15.537604,36.812231,0.5,2024-08-13T06:01:00Z,2024-08-13T06:02:49Z,2,321,1.05,106.5828,11.8,11.8,11.8
ED,HYPERNETS_vs_TRIOS_vs_20240813T080100_ED.csv,TRIOS,Hyp,15.537604,36.812231,15.532567,36.810317,0.5,2024-08-13T06:02:49Z,2024-08-13T06:01:00Z,2,321,0.92,106.5828,10.5,-11.8,11.8
ED,HYPERNETS_vs_TRIOS_vs_20240813T080500_ED.csv,Hyp,TRIOS,15.542817,36.814049999999995,15.537604,36.812231,0.51,2024-08-13T06:05:00Z,2024-08-13T06:02:49Z,2,321,1,61.4498,6.5,6.1,6.1
ED,HYPERNETS_vs_TRIOS_vs_20240813T080500_ED.csv,TRIOS,Hyp,15.537604,36.812231,15.542817,36.814049999999995,0.51,2024-08-13T06:02:49Z,2024-08-13T06:05:00Z,2,321,0.98,61.4498,6,-6.1,6.1
ED,HYPERNETS_vs_TRIOS_vs_20240813T081000_ED.csv,Hyp,TRIOS,15.552983000000001,36.817933,15.549608,36.816708,0.33,2024-08-13T06:10:00Z,2024-08-13T06:08:11Z,2,321,1,63.2067,6.5,6.1,6.2
ED,HYPERNETS_vs_TRIOS_vs_20240813T081000_ED.csv,TRIOS,Hyp,15.549608,36.816708,15.552983000000001,36.817933,0.33,2024-08-13T06:08:11Z,2024-08-13T06:10:00Z,2,321,0.98,63.2067,6.1,-6.1,6.2
ED,HYPERNETS_vs_TRIOS_vs_20240813T082000_ED.csv,Hyp,TRIOS,15.573633000000001,36.825183,15.56705,36.822964,0.64,2024-08-13T06:20:00Z,2024-08-13T06:18:14Z,2,321,0.98,47.815,4.6,4.1,4.3
ED,HYPERNETS_vs_TRIOS_vs_20240813T082000_ED.csv,TRIOS,Hyp,15.56705,36.822964,15.573633000000001,36.825183,0.64,2024-08-13T06:18:14Z,2024-08-13T06:20:00Z,2,321,1,47.815,4.4,-4.1,4.3
ED,HYPERNETS_vs_TRIOS_vs_20240813T083000_ED.csv,Hyp,TRIOS,15.594783,36.83168299999999,15.593986000000001,36.831516,0.07,2024-08-13T06:30:00Z,2024-08-13T06:28:46Z,1,321,0.98,55.4655,5.2,4.8,4.8
ED,HYPERNETS_vs_TRIOS_vs_20240813T083000_ED.csv,TRIOS,Hyp,15.593986000000001,36.831516,15.594783,36.83168299999999,0.07,2024-08-13T06:28:46Z,2024-08-13T06:30:00Z,1,321,0.99,55.4655,4.9,-4.8,4.8
ED,HYPERNETS_vs_TRIOS_vs_20240813T084000_ED.csv,Hyp,TRIOS,15.621016999999998,36.839983,15.618001999999999,36.839055,0.29,2024-08-13T06:40:00Z,2024-08-13T06:39:24Z,1,321,0.97,47.9509,4.3,3.8,4
ED,HYPERNETS_vs_TRIOS_vs_20240813T084000_ED.csv,TRIOS,Hyp,15.618001999999999,36.839055,15.621016999999998,36.839983,0.29,2024-08-13T06:39:24Z,2024-08-13T06:40:00Z,1,321,1,47.9509,4.1,-3.8,4
ED,HYPERNETS_vs_TRIOS_vs_20240813T085400_ED.csv,Hyp,TRIOS,15.641832999999998,36.8469,15.641881999999999,36.84702899999999,0.02,2024-08-13T06:54:00Z,2024-08-13T06:55:27Z,1,321,0.97,50.8275,4.4,3.9,4
ED,HYPERNETS_vs_TRIOS_vs_20240813T085400_ED.csv,TRIOS,Hyp,15.641881999999999,36.84702899999999,15.641832999999998,36.8469,0.02,2024-08-13T06:55:27Z,2024-08-13T06:54:00Z,1,321,1,50.8275,4.1,-3.9,4
ED,HYPERNETS_vs_TRIOS_vs_20240813T092000_ED.csv,Hyp,TRIOS,15.642667,36.8501,15.642535,36.84969399999999,0.05,2024-08-13T07:20:00Z,2024-08-13T07:18:10Z,2,321,0.83,126.6086,10,-11.3,11.3
ED,HYPERNETS_vs_TRIOS_vs_20240813T092000_ED.csv,TRIOS,Hyp,15.642535,36.84969399999999,15.642667,36.8501,0.05,2024-08-13T07:18:10Z,2024-08-13T07:20:00Z,2,321,1.19,126.6086,11.2,11.3,11.3
ED,HYPERNETS_vs_TRIOS_vs_20240813T093100_ED.csv,Hyp,TRIOS,15.642916999999999,36.85099999999999,15.642878999999999,36.851138,0.02,2024-08-13T07:31:00Z,2024-08-13T07:28:34Z,2,321,0.92,36.8555,2.5,-1.6,1.9
ED,HYPERNETS_vs_TRIOS_vs_20240813T093100_ED.csv,TRIOS,Hyp,15.642878999999999,36.851138,15.642916999999999,36.85099999999999,0.02,2024-08-13T07:28:34Z,2024-08-13T07:31:00Z,2,321,1.07,36.8555,2.5,1.6,1.9
ED,HYPERNETS_vs_TRIOS_vs_20240813T094000_ED.csv,Hyp,TRIOS,15.64365,36.852582999999996,15.644079999999999,36.85318399999999,0.08,2024-08-13T07:40:00Z,2024-08-13T07:49:19Z,9,321,1.02,111.6041,9.4,9.2,9.2
ED,HYPERNETS_vs_TRIOS_vs_20240813T094000_ED.csv,TRIOS,Hyp,15.644079999999999,36.85318399999999,15.64365,36.852582999999996,0.08,2024-08-13T07:49:19Z,2024-08-13T07:40:00Z,9,321,0.95,111.6041,8.5,-9.2,9.2
ED,HYPERNETS_vs_TRIOS_vs_20240813T100100_ED.csv,Hyp,TRIOS,15.645199999999999,36.854716999999994,15.645167999999998,36.854769999999995,0.01,2024-08-13T08:01:00Z,2024-08-13T08:02:54Z,2,321,0.97,46.7844,3.4,2.8,3
ED,HYPERNETS_vs_TRIOS_vs_20240813T100100_ED.csv,TRIOS,Hyp,15.645167999999998,36.854769999999995,15.645199999999999,36.854716999999994,0.01,2024-08-13T08:02:54Z,2024-08-13T08:01:00Z,2,321,1.01,46.7844,3.3,-2.8,3
ED,HYPERNETS_vs_TRIOS_vs_20240813T102100_ED.csv,Hyp,TRIOS,15.64745,36.857549999999996,15.646745,36.856725,0.11,2024-08-13T08:21:00Z,2024-08-13T08:18:05Z,3,321,0.95,37.0169,2.5,1.6,1.9
ED,HYPERNETS_vs_TRIOS_vs_20240813T102100_ED.csv,TRIOS,Hyp,15.646745,36.856725,15.64745,36.857549999999996,0.11,2024-08-13T08:18:05Z,2024-08-13T08:21:00Z,3,321,1.03,37.0169,2.4,-1.6,1.9
ED,HYPERNETS_vs_TRIOS_vs_20240813T103000_ED.csv,Hyp,TRIOS,15.648949999999997,36.858982999999995,15.648157999999997,36.858453,0.09,2024-08-13T08:30:00Z,2024-08-13T08:28:53Z,1,321,1,93.466,7.4,7.2,7.3
ED,HYPERNETS_vs_TRIOS_vs_20240813T103000_ED.csv,TRIOS,Hyp,15.648157999999997,36.858453,15.648949999999997,36.858982999999995,0.09,2024-08-13T08:28:53Z,2024-08-13T08:30:00Z,1,321,0.97,93.466,6.8,-7.2,7.3
ED,HYPERNETS_vs_TRIOS_vs_20240813T111100_ED.csv,Hyp,TRIOS,15.598982999999999,36.92213300000001,15.598116999999998,36.923126,0.13,2024-08-13T09:11:00Z,2024-08-13T09:10:27Z,1,321,0.92,41.915,2.4,-1.6,1.9
ED,HYPERNETS_vs_TRIOS_vs_20240813T111100_ED.csv,TRIOS,Hyp,15.598116999999998,36.923126,15.598982999999999,36.92213300000001,0.13,2024-08-13T09:10:27Z,2024-08-13T09:11:00Z,1,321,1.07,41.915,2.5,1.6,1.9
ED,HYPERNETS_vs_TRIOS_vs_20240813T112000_ED.csv,Hyp,TRIOS,15.586833,36.937416999999996,15.585597000000002,36.938744,0.18,2024-08-13T09:20:00Z,2024-08-13T09:20:27Z,0,321,0.92,37.2754,2.1,-1,1.6
ED,HYPERNETS_vs_TRIOS_vs_20240813T112000_ED.csv,TRIOS,Hyp,15.585597000000002,36.938744,15.586833,36.937416999999996,0.18,2024-08-13T09:20:27Z,2024-08-13T09:20:00Z,0,321,1.06,37.2754,2.2,1,1.6
ED,HYPERNETS_vs_TRIOS_vs_20240813T140000_ED.csv,Hyp,TRIOS,15.352400000000003,37.180917,15.331060999999998,37.19951800000001,2.81,2024-08-13T12:00:00Z,2024-08-13T12:13:27Z,13,321,0.93,35.2969,2.9,-1.6,2.4
ED,HYPERNETS_vs_TRIOS_vs_20240813T140000_ED.csv,TRIOS,Hyp,15.331060999999998,37.19951800000001,15.352400000000003,37.180917,2.81,2024-08-13T12:13:27Z,2024-08-13T12:00:00Z,13,321,1.03,35.2969,3,1.6,2.4
ED,HYPERNETS_vs_TRIOS_vs_20240813T141000_ED.csv,Hyp,TRIOS,15.337183,37.194283,15.331060999999998,37.19951800000001,0.8,2024-08-13T12:10:00Z,2024-08-13T12:13:27Z,3,321,1.08,97.61,11.4,11.4,11.4
ED,HYPERNETS_vs_TRIOS_vs_20240813T141000_ED.csv,TRIOS,Hyp,15.331060999999998,37.19951800000001,15.337183,37.194283,0.8,2024-08-13T12:13:27Z,2024-08-13T12:10:00Z,3,321,0.91,97.61,10.2,-11.4,11.4
ED,HYPERNETS_vs_TRIOS_vs_20240813T142000_ED.csv,Hyp,TRIOS,15.3218,37.2076,15.305520000000001,37.221465,2.11,2024-08-13T12:20:00Z,2024-08-13T12:20:33Z,1,321,1,45.6142,6,5.4,5.5
ED,HYPERNETS_vs_TRIOS_vs_20240813T142000_ED.csv,TRIOS,Hyp,15.305520000000001,37.221465,15.3218,37.2076,2.11,2024-08-13T12:20:33Z,2024-08-13T12:20:00Z,1,321,0.98,45.6142,5.6,-5.4,5.5
ED,HYPERNETS_vs_TRIOS_vs_20240813T143000_ED.csv,Hyp,TRIOS,15.306400000000002,37.220867,15.302865,37.223897,0.46,2024-08-13T12:30:00Z,2024-08-13T12:32:09Z,2,321,1,43.542,5.3,4.8,4.9
ED,HYPERNETS_vs_TRIOS_vs_20240813T143000_ED.csv,TRIOS,Hyp,15.302865,37.223897,15.306400000000002,37.220867,0.46,2024-08-13T12:32:09Z,2024-08-13T12:30:00Z,2,321,0.98,43.542,5,-4.8,4.9
ED,HYPERNETS_vs_TRIOS_vs_20240813T144100_ED.csv,Hyp,TRIOS,15.291433,37.23445,15.287427999999998,37.23791200000001,0.52,2024-08-13T12:41:00Z,2024-08-13T12:42:50Z,2,321,0.97,29.518,3.7,3,3.1
ED,HYPERNETS_vs_TRIOS_vs_20240813T144100_ED.csv,TRIOS,Hyp,15.287427999999998,37.23791200000001,15.291433,37.23445,0.52,2024-08-13T12:42:50Z,2024-08-13T12:41:00Z,2,321,1.01,29.518,3.6,-3,3.1
ED,HYPERNETS_vs_TRIOS_vs_20240813T151000_ED.csv,Hyp,TRIOS,15.249216999999998,37.273666999999996,15.251042,37.27231500000001,0.22,2024-08-13T13:10:00Z,2024-08-13T13:08:20Z,2,321,1.05,64.9129,10.4,10.1,10.1
ED,HYPERNETS_vs_TRIOS_vs_20240813T151000_ED.csv,TRIOS,Hyp,15.251042,37.27231500000001,15.249216999999998,37.273666999999996,0.22,2024-08-13T13:08:20Z,2024-08-13T13:10:00Z,2,321,0.93,64.9129,9.3,-10.1,10.1
ED,HYPERNETS_vs_TRIOS_vs_20240814T071700_ED.csv,Hyp,TRIOS,15.386483000000002,37.4719,15.365538000000003,37.451155,2.96,2024-08-14T05:17:00Z,2024-08-14T05:02:56Z,14,321,0.5,309.1618,39.6,-71.3,71.3
ED,HYPERNETS_vs_TRIOS_vs_20240814T071700_ED.csv,TRIOS,Hyp,15.365538000000003,37.451155,15.386483000000002,37.4719,2.96,2024-08-14T05:02:56Z,2024-08-14T05:17:00Z,14,321,1.45,309.1618,67.5,71.3,71.3
ED,HYPERNETS_vs_TRIOS_vs_20240814T080100_ED.csv,Hyp,TRIOS,15.442,37.529217,15.428867999999998,37.514539,2,2024-08-14T06:01:00Z,2024-08-14T05:50:24Z,11,321,0.94,26.7789,2.2,-1.2,1.7
ED,HYPERNETS_vs_TRIOS_vs_20240814T080100_ED.csv,TRIOS,Hyp,15.428867999999998,37.514539,15.442,37.529217,2,2024-08-14T05:50:24Z,2024-08-14T06:01:00Z,11,321,1.04,26.7789,2.3,1.2,1.7
ED,HYPERNETS_vs_TRIOS_vs_20240814T081100_ED.csv,Hyp,TRIOS,15.455067000000001,37.544,15.456053,37.54511300000001,0.15,2024-08-14T06:11:00Z,2024-08-14T06:12:47Z,2,321,0.99,55.2063,5.5,5.1,5.3
ED,HYPERNETS_vs_TRIOS_vs_20240814T081100_ED.csv,TRIOS,Hyp,15.456053,37.54511300000001,15.455067000000001,37.544,0.15,2024-08-14T06:12:47Z,2024-08-14T06:11:00Z,2,321,0.99,55.2063,5.2,-5.1,5.3
ED,HYPERNETS_vs_TRIOS_vs_20240814T083100_ED.csv,Hyp,TRIOS,15.477967,37.569817,15.474447000000001,37.565813000000006,0.54,2024-08-14T06:31:00Z,2024-08-14T06:28:14Z,3,321,0.97,41.0601,3.7,3.3,3.4
ED,HYPERNETS_vs_TRIOS_vs_20240814T083100_ED.csv,TRIOS,Hyp,15.474447000000001,37.565813000000006,15.477967,37.569817,0.54,2024-08-14T06:28:14Z,2024-08-14T06:31:00Z,3,321,1.01,41.0601,3.5,-3.3,3.4
ED,HYPERNETS_vs_TRIOS_vs_20240814T084100_ED.csv,Hyp,TRIOS,15.49085,37.58468299999999,15.486523,37.579648,0.68,2024-08-14T06:41:00Z,2024-08-14T06:38:44Z,2,321,0.95,31.5503,2.5,1.7,1.9
ED,HYPERNETS_vs_TRIOS_vs_20240814T084100_ED.csv,TRIOS,Hyp,15.486523,37.579648,15.49085,37.58468299999999,0.68,2024-08-14T06:38:44Z,2024-08-14T06:41:00Z,2,321,1.03,31.5503,2.4,-1.7,1.9
ED,HYPERNETS_vs_TRIOS_vs_20240814T084800_ED.csv,Hyp,TRIOS,15.497316999999999,37.59211700000001,15.492497000000002,37.586528,0.75,2024-08-14T06:48:00Z,2024-08-14T06:43:57Z,4,321,0.95,33.1125,2.6,1.9,2.1
ED,HYPERNETS_vs_TRIOS_vs_20240814T084800_ED.csv,TRIOS,Hyp,15.492497000000002,37.586528,15.497316999999999,37.59211700000001,0.75,2024-08-14T06:43:57Z,2024-08-14T06:48:00Z,4,321,1.03,33.1125,2.6,-1.9,2.1
ED,HYPERNETS_vs_TRIOS_vs_20240814T095000_ED.csv,Hyp,TRIOS,15.494167,37.58986699999999,15.494843,37.59063200000001,0.1,2024-08-14T07:50:00Z,2024-08-14T07:48:57Z,1,321,0.94,32.2903,2.1,0.7,1.4
ED,HYPERNETS_vs_TRIOS_vs_20240814T095000_ED.csv,TRIOS,Hyp,15.494843,37.59063200000001,15.494167,37.58986699999999,0.1,2024-08-14T07:48:57Z,2024-08-14T07:50:00Z,1,321,1.04,32.2903,2,-0.7,1.4
ED,HYPERNETS_vs_TRIOS_vs_20240814T100000_ED.csv,Hyp,TRIOS,15.49075,37.586282999999995,15.489222,37.584956999999996,0.2,2024-08-14T08:00:00Z,2024-08-14T08:02:47Z,3,321,0.95,36.6922,2.5,1.7,1.8
ED,HYPERNETS_vs_TRIOS_vs_20240814T100000_ED.csv,TRIOS,Hyp,15.489222,37.584956999999996,15.49075,37.586282999999995,0.2,2024-08-14T08:02:47Z,2024-08-14T08:00:00Z,3,321,1.03,36.6922,2.4,-1.7,1.8
ED,HYPERNETS_vs_TRIOS_vs_20240814T101100_ED.csv,Hyp,TRIOS,15.4845,37.580999999999996,15.48502,37.581365,0.06,2024-08-14T08:11:00Z,2024-08-14T08:13:09Z,2,321,0.95,36.6376,2.4,1.6,1.8
ED,HYPERNETS_vs_TRIOS_vs_20240814T101100_ED.csv,TRIOS,Hyp,15.48502,37.581365,15.4845,37.580999999999996,0.06,2024-08-14T08:13:09Z,2024-08-14T08:11:00Z,2,321,1.03,36.6376,2.4,-1.6,1.8
ED,HYPERNETS_vs_TRIOS_vs_20240814T102100_ED.csv,Hyp,TRIOS,15.480550000000001,37.577766999999994,15.481237,37.578267,0.08,2024-08-14T08:21:00Z,2024-08-14T08:23:20Z,2,321,0.95,36.0275,2.3,1.4,1.7
ED,HYPERNETS_vs_TRIOS_vs_20240814T102100_ED.csv,TRIOS,Hyp,15.481237,37.578267,15.480550000000001,37.577766999999994,0.08,2024-08-14T08:23:20Z,2024-08-14T08:21:00Z,2,321,1.03,36.0275,2.3,-1.4,1.7
ED,HYPERNETS_vs_TRIOS_vs_20240814T103000_ED.csv,Hyp,TRIOS,15.480550000000001,37.577766999999994,15.479555000000001,37.576855,0.13,2024-08-14T08:30:00Z,2024-08-14T08:28:28Z,2,321,0.95,36.1246,2.3,1.2,1.7
ED,HYPERNETS_vs_TRIOS_vs_20240814T103000_ED.csv,TRIOS,Hyp,15.479555000000001,37.576855,15.480550000000001,37.577766999999994,0.13,2024-08-14T08:28:28Z,2024-08-14T08:30:00Z,2,321,1.03,36.1246,2.3,-1.2,1.7
ED,HYPERNETS_vs_TRIOS_vs_20240814T104000_ED.csv,Hyp,TRIOS,15.47625,37.574816999999996,15.476803,37.57514200000001,0.06,2024-08-14T08:40:00Z,2024-08-14T08:38:29Z,2,321,0.93,33.6485,2,-0.1,1.4
ED,HYPERNETS_vs_TRIOS_vs_20240814T104000_ED.csv,TRIOS,Hyp,15.476803,37.57514200000001,15.47625,37.574816999999996,0.06,2024-08-14T08:38:29Z,2024-08-14T08:40:00Z,2,321,1.05,33.6485,2,0.1,1.4
ED,HYPERNETS_vs_TRIOS_vs_20240814T113100_ED.csv,Hyp,TRIOS,15.496133,37.67105,15.49475,37.665803000000004,0.6,2024-08-14T09:31:00Z,2024-08-14T09:28:44Z,2,321,0.93,36.947,2.1,-1,1.5
ED,HYPERNETS_vs_TRIOS_vs_20240814T113100_ED.csv,TRIOS,Hyp,15.49475,37.665803000000004,15.496133,37.67105,0.6,2024-08-14T09:28:44Z,2024-08-14T09:31:00Z,2,321,1.05,36.947,2.1,1,1.5
ED,HYPERNETS_vs_TRIOS_vs_20240814T114100_ED.csv,Hyp,TRIOS,15.5009,37.688733000000006,15.50315,37.697373000000006,0.98,2024-08-14T09:41:00Z,2024-08-14T09:44:34Z,4,321,0.92,40.3816,2.4,-1.4,1.7
ED,HYPERNETS_vs_TRIOS_vs_20240814T114100_ED.csv,TRIOS,Hyp,15.50315,37.697373000000006,15.5009,37.688733000000006,0.98,2024-08-14T09:44:34Z,2024-08-14T09:41:00Z,4,321,1.07,40.3816,2.4,1.4,1.7
ED,HYPERNETS_vs_TRIOS_vs_20240814T115100_ED.csv,Hyp,TRIOS,15.507083,37.710817,15.509195,37.71812800000001,0.83,2024-08-14T09:51:00Z,2024-08-14T09:55:03Z,4,321,0.92,39.6661,2.4,-1.4,1.8
ED,HYPERNETS_vs_TRIOS_vs_20240814T115100_ED.csv,TRIOS,Hyp,15.509195,37.71812800000001,15.507083,37.710817,0.83,2024-08-14T09:55:03Z,2024-08-14T09:51:00Z,4,321,1.07,39.6661,2.4,1.4,1.8
ED,HYPERNETS_vs_TRIOS_vs_20240814T120100_ED.csv,Hyp,TRIOS,15.512133,37.72841700000001,15.509195,37.71812800000001,1.17,2024-08-14T10:01:00Z,2024-08-14T09:55:03Z,6,321,0.93,32.7944,1.9,-0.1,1.3
ED,HYPERNETS_vs_TRIOS_vs_20240814T120100_ED.csv,TRIOS,Hyp,15.509195,37.71812800000001,15.512133,37.72841700000001,1.17,2024-08-14T09:55:03Z,2024-08-14T10:01:00Z,6,321,1.05,32.7944,1.9,0.1,1.3
ED,HYPERNETS_vs_TRIOS_vs_20240815T091000_ED.csv,Hyp,TRIOS,15.38855,38.539567,15.389395,38.539622,0.07,2024-08-15T07:10:00Z,2024-08-15T07:07:50Z,2,321,0.92,35.792,2.4,-1.3,1.7
ED,HYPERNETS_vs_TRIOS_vs_20240815T091000_ED.csv,TRIOS,Hyp,15.389395,38.539622,15.38855,38.539567,0.07,2024-08-15T07:07:50Z,2024-08-15T07:10:00Z,2,321,1.06,35.792,2.4,1.3,1.7
ED,HYPERNETS_vs_TRIOS_vs_20240815T092000_ED.csv,Hyp,TRIOS,15.3877,38.539233,15.387983,38.539258000000004,0.02,2024-08-15T07:20:00Z,2024-08-15T07:18:00Z,2,321,0.94,31.5455,2.3,0.7,1.6
ED,HYPERNETS_vs_TRIOS_vs_20240815T092000_ED.csv,TRIOS,Hyp,15.387983,38.539258000000004,15.3877,38.539233,0.02,2024-08-15T07:18:00Z,2024-08-15T07:20:00Z,2,321,1.03,31.5455,2.2,-0.7,1.6
ED,HYPERNETS_vs_TRIOS_vs_20240815T094500_ED.csv,Hyp,TRIOS,15.3838,38.537150000000004,15.3841,38.537472,0.04,2024-08-15T07:45:00Z,2024-08-15T07:45:24Z,0,321,0.95,36.1437,2.5,1.6,2
ED,HYPERNETS_vs_TRIOS_vs_20240815T094500_ED.csv,TRIOS,Hyp,15.3841,38.537472,15.3838,38.537150000000004,0.04,2024-08-15T07:45:24Z,2024-08-15T07:45:00Z,0,321,1.02,36.1437,2.5,-1.6,2
ED,HYPERNETS_vs_TRIOS_vs_20240815T103000_ED.csv,Hyp,TRIOS,15.376033000000001,38.533066999999996,15.375050000000002,38.533955000000006,0.13,2024-08-15T08:30:00Z,2024-08-15T08:29:22Z,1,321,0.92,43.8968,2.6,-1.9,2.1
ED,HYPERNETS_vs_TRIOS_vs_20240815T103000_ED.csv,TRIOS,Hyp,15.375050000000002,38.533955000000006,15.376033000000001,38.533066999999996,0.13,2024-08-15T08:29:22Z,2024-08-15T08:30:00Z,1,321,1.07,43.8968,2.7,1.9,2.1
ED,HYPERNETS_vs_TRIOS_vs_20240815T104100_ED.csv,Hyp,TRIOS,15.366333000000001,38.54425,15.366558000000001,38.543917,0.04,2024-08-15T08:41:00Z,2024-08-15T08:39:47Z,1,321,0.92,42.7123,2.6,-1.8,2.1
ED,HYPERNETS_vs_TRIOS_vs_20240815T104100_ED.csv,TRIOS,Hyp,15.366558000000001,38.543917,15.366333000000001,38.54425,0.04,2024-08-15T08:39:47Z,2024-08-15T08:41:00Z,1,321,1.07,42.7123,2.6,1.8,2.1
ED,HYPERNETS_vs_TRIOS_vs_20240815T111000_ED.csv,Hyp,TRIOS,15.3418,38.569317000000005,15.342067,38.56888,0.05,2024-08-15T09:10:00Z,2024-08-15T09:07:40Z,2,321,0.93,34.4187,2,-0.3,1.4
ED,HYPERNETS_vs_TRIOS_vs_20240815T111000_ED.csv,TRIOS,Hyp,15.342067,38.56888,15.3418,38.569317000000005,0.05,2024-08-15T09:07:40Z,2024-08-15T09:10:00Z,2,321,1.05,34.4187,2,0.3,1.4
ED,HYPERNETS_vs_TRIOS_vs_20240815T112000_ED.csv,Hyp,TRIOS,15.331249999999999,38.580033,15.333312999999999,38.577861999999996,0.3,2024-08-15T09:20:00Z,2024-08-15T09:17:57Z,2,321,0.93,35.3016,2,-0.7,1.3
ED,HYPERNETS_vs_TRIOS_vs_20240815T112000_ED.csv,TRIOS,Hyp,15.333312999999999,38.577861999999996,15.331249999999999,38.580033,0.3,2024-08-15T09:17:57Z,2024-08-15T09:20:00Z,2,321,1.05,35.3016,2.1,0.7,1.3
ED,HYPERNETS_vs_TRIOS_vs_20240816T080100_ED.csv,Hyp,TRIOS,13.74245,39.23543300000001,13.738192999999997,39.236380000000004,0.38,2024-08-16T06:01:00Z,2024-08-16T06:02:37Z,2,321,0.92,27.0294,2.5,-1.7,2.1
ED,HYPERNETS_vs_TRIOS_vs_20240816T080100_ED.csv,TRIOS,Hyp,13.738192999999997,39.236380000000004,13.74245,39.23543300000001,0.38,2024-08-16T06:02:37Z,2024-08-16T06:01:00Z,2,321,1.06,27.0294,2.6,1.7,2.1
ED,HYPERNETS_vs_TRIOS_vs_20240816T081000_ED.csv,Hyp,TRIOS,13.725667,39.239267,13.730184999999999,39.238135000000014,0.41,2024-08-16T06:10:00Z,2024-08-16T06:08:14Z,2,321,0.91,36.6868,3.3,-2.9,3.2
ED,HYPERNETS_vs_TRIOS_vs_20240816T081000_ED.csv,TRIOS,Hyp,13.730184999999999,39.238135000000014,13.725667,39.239267,0.41,2024-08-16T06:08:14Z,2024-08-16T06:10:00Z,2,321,1.07,36.6868,3.5,2.9,3.2
ED,HYPERNETS_vs_TRIOS_vs_20240816T082000_ED.csv,Hyp,TRIOS,13.714433,39.24175,13.715072,39.241550000000004,0.06,2024-08-16T06:20:00Z,2024-08-16T06:18:50Z,1,321,0.91,43.941,3.9,-3.6,3.8
ED,HYPERNETS_vs_TRIOS_vs_20240816T082000_ED.csv,TRIOS,Hyp,13.715072,39.241550000000004,13.714433,39.24175,0.06,2024-08-16T06:18:50Z,2024-08-16T06:20:00Z,1,321,1.08,43.941,4.1,3.6,3.8
ED,HYPERNETS_vs_TRIOS_vs_20240816T083100_ED.csv,Hyp,TRIOS,13.697633,39.24550000000001,13.700552,39.244917,0.26,2024-08-16T06:31:00Z,2024-08-16T06:29:04Z,2,321,0.91,43.532,3.6,-3.3,3.4
ED,HYPERNETS_vs_TRIOS_vs_20240816T083100_ED.csv,TRIOS,Hyp,13.700552,39.244917,13.697633,39.24550000000001,0.26,2024-08-16T06:29:04Z,2024-08-16T06:31:00Z,2,321,1.08,43.532,3.7,3.3,3.4
ED,HYPERNETS_vs_TRIOS_vs_20240816T085100_ED.csv,Hyp,TRIOS,13.669567,39.25166699999999,13.671038,39.251326999999996,0.13,2024-08-16T06:51:00Z,2024-08-16T06:49:30Z,2,321,0.89,55.6146,4.5,-4.4,4.4
ED,HYPERNETS_vs_TRIOS_vs_20240816T085100_ED.csv,TRIOS,Hyp,13.671038,39.251326999999996,13.669567,39.25166699999999,0.13,2024-08-16T06:49:30Z,2024-08-16T06:51:00Z,2,321,1.1,55.6146,4.7,4.4,4.4
ED,HYPERNETS_vs_TRIOS_vs_20240816T090000_ED.csv,Hyp,TRIOS,13.656433000000002,39.253733000000004,13.655680000000002,39.253595000000004,0.07,2024-08-16T07:00:00Z,2024-08-16T07:02:33Z,3,321,0.93,30.0588,2.1,-0.8,1.5
ED,HYPERNETS_vs_TRIOS_vs_20240816T090000_ED.csv,TRIOS,Hyp,13.655680000000002,39.253595000000004,13.656433000000002,39.253733000000004,0.07,2024-08-16T07:02:33Z,2024-08-16T07:00:00Z,3,321,1.05,30.0588,2.2,0.8,1.5
ED,HYPERNETS_vs_TRIOS_vs_20240816T092100_ED.csv,Hyp,TRIOS,13.652750000000001,39.25445,13.651805,39.254302,0.08,2024-08-16T07:21:00Z,2024-08-16T07:23:32Z,3,321,0.92,34.5358,2.4,-1.2,1.8
ED,HYPERNETS_vs_TRIOS_vs_20240816T092100_ED.csv,TRIOS,Hyp,13.651805,39.254302,13.652750000000001,39.25445,0.08,2024-08-16T07:23:32Z,2024-08-16T07:21:00Z,3,321,1.06,34.5358,2.4,1.2,1.8
ED,HYPERNETS_vs_TRIOS_vs_20240816T093100_ED.csv,Hyp,TRIOS,13.6506,39.254583,13.650927999999999,39.254397,0.04,2024-08-16T07:31:00Z,2024-08-16T07:28:51Z,2,321,0.92,35.1064,2.4,-1.2,1.7
ED,HYPERNETS_vs_TRIOS_vs_20240816T093100_ED.csv,TRIOS,Hyp,13.650927999999999,39.254397,13.6506,39.254583,0.04,2024-08-16T07:28:51Z,2024-08-16T07:31:00Z,2,321,1.06,35.1064,2.4,1.2,1.7
ED,HYPERNETS_vs_TRIOS_vs_20240816T111100_ED.csv,Hyp,TRIOS,13.595117,39.27186699999999,13.600362999999998,39.26936200000001,0.53,2024-08-16T09:11:00Z,2024-08-16T09:07:52Z,3,321,0.62,504.5066,31.4,-47.5,47.5
ED,HYPERNETS_vs_TRIOS_vs_20240816T111100_ED.csv,TRIOS,Hyp,13.600362999999998,39.26936200000001,13.595117,39.27186699999999,0.53,2024-08-16T09:07:52Z,2024-08-16T09:11:00Z,3,321,1.59,504.5066,46.1,47.5,47.5
ED,HYPERNETS_vs_TRIOS_vs_20240817T090600_ED.csv,Hyp,TRIOS,12.062133000000001,40.066233000000004,12.062365,40.066343,0.02,2024-08-17T07:06:00Z,2024-08-17T07:07:53Z,2,321,0.91,11.8303,2.3,-1,1.8
ED,HYPERNETS_vs_TRIOS_vs_20240817T090600_ED.csv,TRIOS,Hyp,12.062365,40.066343,12.062133000000001,40.066233000000004,0.02,2024-08-17T07:07:53Z,2024-08-17T07:06:00Z,2,321,1.08,11.8303,2.3,1,1.8
ED,HYPERNETS_vs_TRIOS_vs_20240817T092100_ED.csv,Hyp,TRIOS,12.064400000000001,40.066633,12.065817000000001,40.066825,0.12,2024-08-17T07:21:00Z,2024-08-17T07:23:28Z,2,321,0.93,9.9546,3.3,2.3,2.5
ED,HYPERNETS_vs_TRIOS_vs_20240817T092100_ED.csv,TRIOS,Hyp,12.065817000000001,40.066825,12.064400000000001,40.066633,0.12,2024-08-17T07:23:28Z,2024-08-17T07:21:00Z,2,321,1.05,9.9546,3.1,-2.3,2.5
ED,HYPERNETS_vs_TRIOS_vs_20240818T074000_ED.csv,Hyp,TRIOS,9.831683,41.035617,9.836422,41.033677,0.45,2024-08-18T05:40:00Z,2024-08-18T05:37:14Z,3,321,0.89,42.4561,4.8,-4.8,4.9
ED,HYPERNETS_vs_TRIOS_vs_20240818T074000_ED.csv,TRIOS,Hyp,9.836422,41.033677,9.831683,41.035617,0.45,2024-08-18T05:37:14Z,2024-08-18T05:40:00Z,3,321,1.1,42.4561,5,4.8,4.9
ED,HYPERNETS_vs_TRIOS_vs_20240818T082000_ED.csv,Hyp,TRIOS,9.768849999999999,41.06053300000001,9.771366999999998,41.0599,0.22,2024-08-18T06:20:00Z,2024-08-18T06:23:16Z,3,321,0.82,107.9277,11,-13,13
ED,HYPERNETS_vs_TRIOS_vs_20240818T082000_ED.csv,TRIOS,Hyp,9.771366999999998,41.0599,9.768849999999999,41.06053300000001,0.22,2024-08-18T06:23:16Z,2024-08-18T06:20:00Z,3,321,1.2,107.9277,12.4,13,13
ED,HYPERNETS_vs_HYPERPRO_vs_20240809T083000_ED.csv,Hyp,HYPERPRO,22.402182999999997,36.01006699999999,22.403399999999998,36.0082,0.23,2024-08-09T06:30:00Z,2024-08-09T06:45:00Z,15,321,1,48.8791,3.7,3.7,3.8
ED,HYPERNETS_vs_HYPERPRO_vs_20240809T083000_ED.csv,HYPERPRO,Hyp,22.403399999999998,36.0082,22.402182999999997,36.01006699999999,0.23,2024-08-09T06:45:00Z,2024-08-09T06:30:00Z,15,321,0.98,48.8791,3.6,-3.7,3.8
ED,HYPERNETS_vs_HYPERPRO_vs_20240809T090000_ED.csv,Hyp,HYPERPRO,22.403499999999998,36.007133,22.403399999999998,36.0082,0.12,2024-08-09T07:00:00Z,2024-08-09T06:45:00Z,15,321,0.94,51.8496,3.1,-2.4,2.5
ED,HYPERNETS_vs_HYPERPRO_vs_20240809T090000_ED.csv,HYPERPRO,Hyp,22.403399999999998,36.0082,22.403499999999998,36.007133,0.12,2024-08-09T06:45:00Z,2024-08-09T07:00:00Z,15,321,1.03,51.8496,3.3,2.4,2.5
ED,HYPERNETS_vs_HYPERPRO_vs_20240812T104500_ED.csv,Hyp,HYPERPRO,15.143232999999999,36.57005,15.139999999999999,36.56830000000001,0.35,2024-08-12T08:45:00Z,2024-08-12T08:53:00Z,8,321,0.98,42.1525,2.8,2.2,2.5
ED,HYPERNETS_vs_HYPERPRO_vs_20240812T104500_ED.csv,HYPERPRO,Hyp,15.139999999999999,36.56830000000001,15.143232999999999,36.57005,0.35,2024-08-12T08:53:00Z,2024-08-12T08:45:00Z,8,321,0.99,42.1525,2.8,-2.2,2.5
ED,HYPERNETS_vs_HYPERPRO_vs_20240812T110000_ED.csv,Hyp,HYPERPRO,15.135167,36.568267,15.139999999999999,36.56830000000001,0.43,2024-08-12T09:00:00Z,2024-08-12T08:53:00Z,7,321,0.96,35.7909,2.2,0.6,1.7
ED,HYPERNETS_vs_HYPERPRO_vs_20240812T110000_ED.csv,HYPERPRO,Hyp,15.139999999999999,36.56830000000001,15.135167,36.568267,0.43,2024-08-12T08:53:00Z,2024-08-12T09:00:00Z,7,321,1.01,35.7909,2.2,-0.6,1.7
ED,HYPERNETS_vs_HYPERPRO_vs_20240813T094000_ED.csv,Hyp,HYPERPRO,15.64365,36.852582999999996,15.644499999999999,36.85379999999999,0.16,2024-08-13T07:40:00Z,2024-08-13T07:49:00Z,9,321,1.06,114.0523,9.3,9.8,9.8
ED,HYPERNETS_vs_HYPERPRO_vs_20240813T094000_ED.csv,HYPERPRO,Hyp,15.644499999999999,36.85379999999999,15.64365,36.852582999999996,0.16,2024-08-13T07:49:00Z,2024-08-13T07:40:00Z,9,321,0.91,114.0523,8.5,-9.8,9.8
ED,HYPERNETS_vs_HYPERPRO_vs_20240813T100100_ED.csv,Hyp,HYPERPRO,15.645199999999999,36.854716999999994,15.644499999999999,36.85379999999999,0.12,2024-08-13T08:01:00Z,2024-08-13T07:49:00Z,12,321,0.98,36.1614,2.5,1.5,2.2
ED,HYPERNETS_vs_HYPERPRO_vs_20240813T100100_ED.csv,HYPERPRO,Hyp,15.644499999999999,36.85379999999999,15.645199999999999,36.854716999999994,0.12,2024-08-13T07:49:00Z,2024-08-13T08:01:00Z,12,321,0.99,36.1614,2.4,-1.5,2.2
ED,HYPERNETS_vs_HYPERPRO_vs_20240814T100000_ED.csv,Hyp,HYPERPRO,15.49075,37.586282999999995,15.485500000000002,37.581799999999994,0.68,2024-08-14T08:00:00Z,2024-08-14T08:11:00Z,11,321,0.95,37.4354,2.1,-0.5,1.5
ED,HYPERNETS_vs_HYPERPRO_vs_20240814T100000_ED.csv,HYPERPRO,Hyp,15.485500000000002,37.581799999999994,15.49075,37.586282999999995,0.68,2024-08-14T08:11:00Z,2024-08-14T08:00:00Z,11,321,1.02,37.4354,2.2,0.5,1.5
ED,HYPERNETS_vs_HYPERPRO_vs_20240814T101100_ED.csv,Hyp,HYPERPRO,15.4845,37.580999999999996,15.485500000000002,37.581799999999994,0.13,2024-08-14T08:11:00Z,2024-08-14T08:11:00Z,0,321,0.94,42.1305,2.4,-1.4,1.8
ED,HYPERNETS_vs_HYPERPRO_vs_20240814T101100_ED.csv,HYPERPRO,Hyp,15.485500000000002,37.581799999999994,15.4845,37.580999999999996,0.13,2024-08-14T08:11:00Z,2024-08-14T08:11:00Z,0,321,1.03,42.1305,2.5,1.4,1.8
ED,HYPERNETS_vs_HYPERPRO_vs_20240814T102100_ED.csv,Hyp,HYPERPRO,15.480550000000001,37.577766999999994,15.485500000000002,37.581799999999994,0.63,2024-08-14T08:21:00Z,2024-08-14T08:11:00Z,10,321,0.94,51.0925,3,-2.3,2.5
ED,HYPERNETS_vs_HYPERPRO_vs_20240814T102100_ED.csv,HYPERPRO,Hyp,15.485500000000002,37.581799999999994,15.480550000000001,37.577766999999994,0.63,2024-08-14T08:11:00Z,2024-08-14T08:21:00Z,10,321,1.04,51.0925,3.1,2.3,2.5
ED,HYPERNETS_vs_HYPERPRO_vs_20240815T094500_ED.csv,Hyp,HYPERPRO,15.3838,38.537150000000004,15.381400000000001,38.535700000000006,0.26,2024-08-15T07:45:00Z,2024-08-15T08:00:00Z,15,321,0.97,36.3139,2.2,-0,1.7
ED,HYPERNETS_vs_HYPERPRO_vs_20240815T094500_ED.csv,HYPERPRO,Hyp,15.381400000000001,38.535700000000006,15.3838,38.537150000000004,0.26,2024-08-15T08:00:00Z,2024-08-15T07:45:00Z,15,321,1,36.3139,2.3,0,1.7
ED,TRIOS_vs_HYPERPRO_vs_20240812T104536_ED.csv,TRIOS,HYPERPRO,15.143431,36.570156000000004,15.139999999999999,36.56830000000001,0.37,2024-08-12T08:45:36Z,2024-08-12T08:53:00Z,7,321,1.03,13.2415,0.9,0.3,0.6
ED,TRIOS_vs_HYPERPRO_vs_20240812T104536_ED.csv,HYPERPRO,TRIOS,15.139999999999999,36.56830000000001,15.143431,36.570156000000004,0.37,2024-08-12T08:53:00Z,2024-08-12T08:45:36Z,7,321,0.97,13.2415,0.9,-0.3,0.6
ED,TRIOS_vs_HYPERPRO_vs_20240813T094919_ED.csv,TRIOS,HYPERPRO,15.644079999999999,36.85318399999999,15.644499999999999,36.85379999999999,0.08,2024-08-13T07:49:19Z,2024-08-13T07:49:00Z,0,321,1.04,10.4911,0.7,0.3,0.5
ED,TRIOS_vs_HYPERPRO_vs_20240813T094919_ED.csv,HYPERPRO,TRIOS,15.644499999999999,36.85379999999999,15.644079999999999,36.85318399999999,0.08,2024-08-13T07:49:00Z,2024-08-13T07:49:19Z,0,321,0.96,10.4911,0.7,-0.3,0.5
ED,TRIOS_vs_HYPERPRO_vs_20240813T100254_ED.csv,TRIOS,HYPERPRO,15.645167999999998,36.854769999999995,15.644499999999999,36.85379999999999,0.12,2024-08-13T08:02:54Z,2024-08-13T07:49:00Z,14,321,1.02,24.494,1.8,-1.4,1.4
ED,TRIOS_vs_HYPERPRO_vs_20240813T100254_ED.csv,HYPERPRO,TRIOS,15.644499999999999,36.85379999999999,15.645167999999998,36.854769999999995,0.12,2024-08-13T07:49:00Z,2024-08-13T08:02:54Z,14,321,0.98,24.494,1.9,1.4,1.4
ED,TRIOS_vs_HYPERPRO_vs_20240814T100247_ED.csv,TRIOS,HYPERPRO,15.489222,37.584956999999996,15.485500000000002,37.581799999999994,0.48,2024-08-14T08:02:47Z,2024-08-14T08:11:00Z,8,321,1.01,34.8368,2.6,-2.2,2.2
ED,TRIOS_vs_HYPERPRO_vs_20240814T100247_ED.csv,HYPERPRO,TRIOS,15.485500000000002,37.581799999999994,15.489222,37.584956999999996,0.48,2024-08-14T08:11:00Z,2024-08-14T08:02:47Z,8,321,0.99,34.8368,2.7,2.2,2.2
ED,TRIOS_vs_HYPERPRO_vs_20240814T101309_ED.csv,TRIOS,HYPERPRO,15.48502,37.581365,15.485500000000002,37.581799999999994,0.06,2024-08-14T08:13:09Z,2024-08-14T08:11:00Z,2,321,1,43.7365,3.3,-3,3
ED,TRIOS_vs_HYPERPRO_vs_20240814T101309_ED.csv,HYPERPRO,TRIOS,15.485500000000002,37.581799999999994,15.48502,37.581365,0.06,2024-08-14T08:11:00Z,2024-08-14T08:13:09Z,2,321,1,43.7365,3.4,3,3
ED,TRIOS_vs_HYPERPRO_vs_20240814T102320_ED.csv,TRIOS,HYPERPRO,15.481237,37.578267,15.485500000000002,37.581799999999994,0.54,2024-08-14T08:23:20Z,2024-08-14T08:11:00Z,12,321,0.99,54.2285,4.1,-3.8,3.8
ED,TRIOS_vs_HYPERPRO_vs_20240814T102320_ED.csv,HYPERPRO,TRIOS,15.485500000000002,37.581799999999994,15.481237,37.578267,0.54,2024-08-14T08:11:00Z,2024-08-14T08:23:20Z,12,321,1.01,54.2285,4.2,3.8,3.8
ED,TRIOS_vs_HYPERPRO_vs_20240815T094524_ED.csv,TRIOS,HYPERPRO,15.3841,38.537472,15.381400000000001,38.535700000000006,0.31,2024-08-15T07:45:24Z,2024-08-15T08:00:00Z,15,321,1.02,27.995,2.2,-1.8,1.8
ED,TRIOS_vs_HYPERPRO_vs_20240815T094524_ED.csv,HYPERPRO,TRIOS,15.381400000000001,38.535700000000006,15.3841,38.537472,0.31,2024-08-15T08:00:00Z,2024-08-15T07:45:24Z,15,321,0.98,27.995,2.3,1.8,1.8
